{
    "term": "application domain",
    "part-of-speech": "ainmfhocal",
    "citation-form": "réimse úsáide",
    "def-en": "The research, industry, or other domain in which a system is used.",
    "def-ga": "An réimse taighde, tionscail, nó eile ina bhfuil córas úsáidte.",

    "prov": {
        "réimse": "de-bhaldraithe, focloir-beag, odonaill",
        "úsáid": "féach ar an téarma 'application (in practice) / úsáid (phraiticiúil)'"
    },
    "notes": [
        "Féach ar an téarma 'application (in practice) / úsáid (phraiticiúil)'."
    ]
}