{
    "term": "approximation",
    "part-of-speech": "ainmfhocal",
    "citation-form": "meastachán",
    "def-en": "In a mathematical context, a value that gives a quantitative description of some phenomenon, but which may not be entirely exact.",
    "def-ga": "I gcomhthéacs matamaitice, luach a dhéanann cur síos cainníochtúil ar fheiniméan éigin, gan a bheith iomlán cruinn.",

    "prov": {
        "meastachán": "féach ar an téarma 'estimate / meastachán'"
    },
    "notes": [
        "Féach ar an téarma 'estimate / meastachán'."
    ]
}