{
    "term": "batch size",
    "part-of-speech": "ainmfhocal",
    "citation-form": "méid na mbaisceanna",
    "def-en": "How many data points are in each batch of the training / testing / validation set.",
    "def-ga": "Cé mhéid pointí sonraí atá i chuile fho-thacar den tacar traenála / teisteála / deimhnithe.",

    "prov": {
        "méid": "de-bhaldraithe, dineen, focloir-beag, odonaill",
        "fo-thacar": "féach ar an téarma 'batch / fo-thacar'"
    },
    "notes": [
        "Féach ar an téarma 'batch / baisc'."
    ]
}