{
    "term": "dense layer",
    "part-of-speech": "ainmfhocal",
    "citation-form": "ciseal lán-cheangailte",
    "def-en": "A layer in a neural network in which every input neuron is connected to every output neuron.",
    "def-ga": "Ciseal i líonra néarach ina bhfuil chuile néaróg ionchuir ceangailte le chuile néaróg aschuir.",

    "prov": {
        "ciseal": "féach ar an téarma 'layer / ciseal'",
        "lán-": "de-bhaldraithe, dineen, focloir-beag, odonaill",
        "ceangailte": "de-bhaldraithe, dineen, odonaill"
    },
    "notes": [
        "Tá 'ciseal lán-cheangailte' níos dírí mar théarma. Sin ráite, níl fadhb ar bith le 'ciseal dlúth' ach an oiread -- is ionann an dá théarma."
    ]
}