{
    "term": "foundation model",
    "part-of-speech": "ainmfhocal",
    "citation-form": "samhail fhorais",
    "def-en": "In the context of computer science, a single machine learning model that can be used as the foundation of learning in a broad domain, and which is applied in the transfer learning setting to do so.",
    "def-ga": "I gcomhthéacs ríomheolaíochta, samhail ríomhfhoghlama amháin ar féidir í a úsáid mar fhoras foghlama i réimse leathan, agus a mbíonn cur chuige tras-fhoghlama bunaithe uirthi chuige sin.",

    "prov": {
        "foras": "dineen, focloir-beag, odonaill",
        "samhail": "féach ar an téarma 'model / samhail'"
    },
    "notes": [
        "Cé go bhfuil an focal 'foras' i bhFoclóir De Bhaldraithe, is le brí ar leith atá sé luaite ann. Sna foclóirí eile, is leis an mbrí chéanna (i gcomhthéacs níos leithne) atá sé luaite.",
        "B'fhéidir 'bun-samhail' a úsáid chomh maith chun an bhrí seo a chur in iúl. Ní dhéantar é sin anseo, áfach, toisc 'bun-samhail' agus 'bunlíne' a bheith luaite mar 'baseline model' seachas mar 'foundation model'. Meastar go mbeadh sé níos léire téarma eile a úsáid anseo chun an dá choincheap sin a coinneáil scartha óna chéile go soiléir.",
        "Féach chomh maith ar an téarma 'model / samhail'."
    ]
}