{
    "term": "function",
    "part-of-speech": "ainmfhocal",
    "citation-form": "feidhm",
    "def-en": "A computational process or algorithm that can be precisely defined (i.e. in code).",
    "def-ga": "Próiseas nó cur chuige ríomhaireachta atá sainmhínithe (m.sh. mar chód).",

    "prov": {
        "feidhm": "de-bhaldraithe, dineen, focloir-beag, odonaill, storchiste"
    },
    "notes": [
        "Ní i gcomhthéacs matamaiticiúil a luaitear an téarma seo ach amháin i Stórchiste. Cé is moite de sin, is léir go bhfuil úsáid teicniúil leis (.i. 'Vital functions, feidhmiú an choirp.' i bhFoclóir De Bhaldraithe).",
        "Is é 'feidhm de' a úsáidtear chun trácht ar ionchur feidhmeanna matamaitice, de réir Fhoclóir De Bhaldraithe. (.i. feidhm de X, feidhm d'athróg éigin)."
    ]
}