{
    "term": "global",
    "part-of-speech": "aidiacht",
    "citation-form": "uilíoch",
    "def-en": "In the context of a graph, data, a model, etc, relating to features of the graph / data / model as a whole at a very broad level. Antonym to the term 'local'.",
    "def-ga": "I gcomhthéacs graif, sonraí, samhla, nó eile, ag trácht ar airíonna an graif / na sonraí / na samhla mar aonad amháin ar leibhéal leathan. Frithchiallach leis an téarma 'logánta'.",

    "prov": {
        "uilíoch": "de-bhaldraithe, dineen, focloir-beag, odonaill"
    },
    "notes": [
        "Téarma díreach ar fáil leis an mbrí chéanna ó na foclóirí thuas.",
        "Níor cheart 'domhanda' a úsáid, toisc go mbíonn sé sin úsáidte chun trácht a dhéanamh ar an domhan."
    ]
}