{
    "term": "histogram",
    "part-of-speech": "ainmfhocal",
    "citation-form": "histeagram",
    "def-en": "A plot that summarises a statistical distribution using frequency columns for every range of values in the distribution.",
    "def-ga": "Breacadh a dhéanann cur síos ar dháileadh staitistiúil le colúin mhinicíochta i gcomhair chuile eatramh luachanna sa dáileadh.",

    "prov": {
        "histeagram": "odonaill, storchiste"
    },
    "notes": [
        "Téarma díreach ar fáil ó Fhoclóir Uí Dhónaill agus ó Stórchiste."
    ]
}