{
    "term": "language model (LM)",
    "part-of-speech": "ainmfhocal",
    "citation-form": "eanga (ST)",
    "def-en": "In the context of machine learning, a model that aims to understand and process natural human language.",
    "def-ga": "I gcomhthéacs ríomhfhoghlama, samhail a bhfuil mar aidhm aici tuiscint a fháil ar theanga nádúrtha na ndaoine chun í a phróiseáil.",

    "prov": {
        "samhail": "féach ar an téarma 'model / samhail'",
        "teanga": "de-bhaldraithe, dineen, focloir-beag, odonaill"
    },
    "notes": [
        "Téarma cruthaithe go díreach as na fréamhacha thuas.",
        "Féach chomh maith ar an téarma 'model / samhail'."
    ]
}