{
    "term": "large language model (LLM)",
    "part-of-speech": "ainmfhocal",
    "citation-form": "samhail teanga mhór (STM)",
    "def-en": "In the context of computer science, a language model with billions, trillions, or more parameters.",
    "def-ga": "I gcomhthéacs ríomhfhoghlama, samhail teanga a bhfuil na billiúin, na trilliúin, nó níos mó paraiméadair aici.",

    "prov": {
        "samhail teanga": "féach ar an téarma 'language model (LM) / samhail teanga (ST)'",
        "mór": "de-bhaldraithe, dineen, focloir-beag, odonaill"
    },
    "notes": [
        "Téarma cruthaithe go díreach as na fréamhacha thuas.",
        "Roghnaíodh 'samhail teanga mhór' seachas 'samhail mhór theanga' toisc gur samhlacha teanga iad gach uile shamhail heanga mhór. Ní úsáidtear 'samhail mhór' mar théarma teicniúil riamh, ach chuirfeadh 'samhail mhór theanga' in iúl gur sórt samhla móire atá dírithe ar theanga atá i gceist, seachas gur sórt samhla teanga atá an-mhór atá i gceist.",
        "Féach chomh maith ar an téarma 'language model (LM) / samhail teanga (ST)'."
    ]
}