{
    "term": "link predictor",
    "part-of-speech": "ainmfhocal",
    "citation-form": "réamhinsteoir nasc",
    "def-en": "In the context of a knowledge graph, a machine learning model that performs link prediction.",
    "def-ga": "I gcomhthéacs graif eolais, samhail ríomhfhoghlama a dhéanann naisc a réamhinsint.",

    "prov": {
        "réamhinsteoir": "féach ar an téarma 'predictor / réamhinsteoir'",
        "réamhinsint nasc": "féach ar an téarma 'link prediction (LP) / réamhinsint nasc (RN)'"
    },
    "notes": [
        "Féach chomh maith ar an téarma 'link prediction (LP) / réamhinsint nasc (RN)'",
        "Féach chomh maith ar an téarma 'predictor / réamhinsteoir'."
    ]
}