{
    "term": "machine learning",
    "part-of-speech": "ainmfhocal",
    "citation-form": "ríomhfhoghlaim",
    "def-en": "The process of using mathematical optimisation to allow computers to solve complex problems.",
    "def-ga": "Cur chuige feabhsúcháin mhatamaiticiúil a chuireann ar chumas do ríomhairí ceisteanna casta a fhreagairt.",

    "prov": {
        "foghlaim": "de-bhaldraithe, dineen, focloir-beag, odonaill",
        "ríomh-": "féach ar an téarma 'machine / ríomh-'"
    },
    "notes": [
        "Bheadh ciall éigin ag dul le 'foghlaim na meaisíní' chomh maith, seachas 'meaisín' a bheith bainteach lena leithéid de mheaisíní níocháin (féach ar Teanglann) agus gan rian eile de le fheiceáil i gcomhthéacs ríomhaireachta.",
        "Cé nach mbíonn trácht ar 'ríomhfhoghalim' i bhfoclóir ar bith, tá 'ríomh-' ann mar réimír. Thairis sin, bíonn ann dá leithéid de 'ríomhphost' agus 'ríomheolaíocht' anois sa gcaint.",
        "Féach chomh maith ar an téarma 'machine / ríomh-'."
    ]
}