{
    "term": "negative (of number)",
    "part-of-speech": "aidiacht",
    "citation-form": "diúltach",
    "def-en": "regarding a number, below 0.",
    "def-ga": "ag caint ar uimhir, faoi 0.",

    "prov": {
        "diúltach": "de-bhaldraithe, dineen, focloir-beag, odonaill"
    },
    "notes": [
        "Téarma díreach ar fáil sna foclóirí thuas.",
        "Níor cheart an téarma seo a úsáid chun trácht a dhéanamh ar 'negative samples' ná ar 'negative sampling' (srl).",
        "Féach chomh maith ar an téarma 'negative (sample) / frith-shampla'.",
        "Féach chomh maith ar an téarma 'negative sampler / frith-shamplóir'."
    ]
}