{
    "term": "neighbour",
    "part-of-speech": "ainmfhocal",
    "citation-form": "comharsa",
    "def-en": "In the context of a node in a graph, any one of the nodes that is connected to it.",
    "def-ga": "I gcomhthéacs nóid i ngraf, ceann ar bith de na nóid eile atá ceangailte leis.",

    "prov": {
        "comharsa": "de-bhaldraithe, dineen, focloir-beag, odonaill"
    },
    "notes": [
        "Ní luann foclóir ar bith an téarma seo i gcomhthéacs matamaitice / ríomheolaíochta. Úsáidtear an téarma Béarla 'neighbour' chun trácht a dhéanamh ar nóid atá ceangailte le nód eile toisc gurb é 'neighbour' ná duine a chónaíonn díreach in aici le duine eile. Tá ciall leis an analach sin i nGaeilge chomh maith. Glactar leis an téarma seo mar sin."
    ]
}