{
    "term": "one-hot encoding",
    "part-of-speech": "ainmfhocal",
    "citation-form": "códú aon-innéacs",
    "def-en": "Encoding that is done on categorical variables when there is no way to directly represent them as single numbers. For example, one-hot coding could be performed on the values 'Frodo, Éowyn, Arwen, Sam' to get '0001, 0010, 0100, 1000'. In each case, the encoding has exactly one 1.",
    "def-ga": "Códú a dhéantar ar athróga catagóireacha nuair nach bhfuil slí dhíreach ann chun iad a ionadú le huimhreacha aonaracha. Mar shampla, d'fhéadfadh códú aon-innéacs a dhéanamh ar na luachanna 'Frodo, Éowyn, Arwen, Sam' mar '0001, 0010, 0100, 1000'. Ní bhíonn ach an t-aon 1 amháin i ngach uile chódú ann.",

    "prov": {
        "códaigh": "de-bhaldraithe, focloir-beag, odonaill",
        "aon-": "de-bhaldraithe, dineen, focloir-beag, odonaill",
        "innéacs": "de-bhaldraithe, focloir-beag, odonaill"
    },
    "notes": [
        "Is éard atá i gceist le 'one-hot encoding' ná códú dénártha nach bhfuil ach an t-aon 1 ceadaithe i ngach uile chódú. I bhfocail eile, bíonn gach uile códú aitheanta de réir an innéacs ina bhfuil an 1 ann. Is mar sin a ghlactar leis an téarma 'códú aon-innéacs'.",
        "Cé go luaitear an focal 'códaigh' mar 'to codify' seachas 'to encode', is é 'cód' an focal a úsáidtear chun trácht a dhéanamh ar chód ríomhaireachta. Meastar go mba cheart cloí leis anseo mar sin, go háirithe agus gan rogha léir eile ann sna foclóirí dúchasacha.",
        "Is é códú' seachas 'códaigh' atá i bhFoclóir Uí Dhónaill agus Uí Mhaoileoin."
    ]
}