{
    "term": "optimiser",
    "part-of-speech": "ainmfhocal",
    "citation-form": "córas feabhsúcháin",
    "def-en": "The system that optimises a machine learning model.",
    "def-ga": "An córas a dhéanann samhail ríomhfhoghlama a fheabhsú.",

    "prov": {
        "córas": "de-bhaldraithe, focloir-beag, odonaill",
        "feabhsúchán": "féach ar an téarma 'optimisation / feabhsúchán'."
    },
    "notes": [
        "Tá réimse leathan téarmaí eile ar fáil a mbeadh brí chomhchosúil leo (córas feabhsaithe, mar shampla), ach meastar gur é 'córas feabhsúcháin' an ceann is léire acu sin sa gcomhthéacs seo. Thairis sin, níl 'feabhsaitheoir' le feiceáil i bhfoclóir dúchasach ar bith, agus ní ghlactar leis mar sin.",
        "Féach chomh maith ar an téarma 'to optimise / feabhsaigh'.",
        "Féach chomh maith ar an téarma 'optimisation / feabhsúchán'."
    ]
}