{
    "term": "percentile",
    "part-of-speech": "ainmfhocal",
    "citation-form": "peircintíl",
    "def-en": "In the context of statistics, the Xth percentile is the value in a statistical distribution which has X% of the other values below it.",
    "def-ga": "I gcomhthéacs staitistice, is é an pheircintíl Xú ná an luach i ndáileadh staitistiúil a bhfuil X% de na luachanna eile níos ísle ná é.",

    "prov": {
        "peircintíl": "storchiste"
    },
    "notes": [
        "Téarma díreach ar fáil leis an mbrí cheannann chéanna i Stórchiste."
    ]
}