{
    "term": "self-attention",
    "part-of-speech": "ainmfhocal",
    "citation-form": "féin-aird",
    "def-en": "An attention operation in which all inputs come from the same source.",
    "def-ga": "Oibriú airde ina dtagann an t-ionchur ar fad ón bhfoinse chéanna.",

    "prov": {
        "féin-": "de-bhaldraithe, dineen*, focloir-beag, odonaill",
        "aird": "féach ar an téarma 'attention / aird'"
    },
    "notes": [
        "* Ní bhíonn 'féin-' luaite mar réimír i bhFoclóir Uí Dhuinín, ach mar fhocal amháin.",
        "Téarma cruthaithe go díreach as an dá fhréamh thuas.",
        "Féach chomh maith ar an téarma 'attention / aird'."
    ]
}