{
    "term": "signal",
    "part-of-speech": "ainmfhocal",
    "citation-form": "comhartha",
    "def-en": "In the context of machine learning, the source of information in a data set that can be directly used as a meaningful part of the machine learning process.",
    "def-ga": "I gcomhthéacs ríomhfhoghlama, foinse faisnéise i dtacar sonraí ar féidir í a úsáid go díreach mar chuid fhiúntach den phróiseas ríomhfhoghlama.",

    "prov": {
        "comhartha": "de-bhaldraithe, dineen, focloir-beag, odonaill"
    },
    "notes": [
        "Ní luann na foclóirí thuas an focal seo i gcomhthéacs ríomhfhoghlama. An focal is giorra don bhrí atá de dhíth ná comhartha, toisc (de réir Fhoclóir Uí Dhónaill) go bhfuil na bríonna 'indication' agus 'notice, heed' leis. Is é an 'signal' i dtacar sonraí ná an chuid de na sonraí sin atá in-fhoghlamtha (.i. nach bhfuil mar thorann randamach) -- tugann an comhartha treo do cén chaoi ar cheart don tsamhail a bheith ag foghlaim. Glactar leis an téarma 'comhartha' mar sin.",
        "Féach chomh maith ar an téarma 'noise / torann'."
    ]
}