{
    "term": "standard deviation",
    "part-of-speech": "ainmfhocal",
    "citation-form": "diall caighdeánach",
    "def-en": "In the context of mathematics, a measure of how much the values in a dataset vary. Standard deviation is the square root of variance.",
    "def-ga": "I gcomhthéacs matamaitice, tomhas ar cé chomh héagsúil is atá luachanna i sraith sonraí. Is ionann diall caighdeánach fréamh chearnach athraithis.",

    "prov": {
        "diall": "de-bhaldraithe, odonaill, storchiste",
        "caighdeánach": "de-bhaldraithe, focloir-beag, odonaill, storchiste",
        "diall caighdeánach": "storchiste"
    },
    "notes": [
        "Téarma díreach ar fáil leis an mbrí cheannann chéanna i gcomhthéacs matamaitice.",
        "Tá na fo-théarmaí 'diall' agus 'caighdeánach' le fáil i bhfoclóirí eile ina n-aonar le bríonna comhchosúla, ach níl luann na foclóirí sin i gcomhthéacs matamaitice iad."
    ]
}