{
    "term": "support vector",
    "part-of-speech": "ainmfhocal",
    "citation-form": "veicteoir tacaíochta",
    "def-en": "In the context of machine learning, a vector that is very close to the decision boundary.",
    "def-ga": "I gcomhthéacs ríomhfhoghlama, veicteoir atá an-ghar don teorainn chinnidh.",

    "prov": {
        "veicteoir": "féach ar an téarma 'vector / veicteoir'",
        "tacaíocht": "de-bhaldraithe, focloir-beag, odonaill"
    },
    "notes": [
        "Níl an focal 'support' ina théarma teicniúil anseo. An t-aon bhrí atá i gceist ná gur féidir 'support vectors' a úsáid chun tacú leis an bpróiseas foghlama.",
        "Féach chomh maith ar an téarma 'vector / veicteoir'."
    ]
}