{
    "term": "to cluster",
    "part-of-speech": "briathar",
    "citation-form": "aicmiú ionduchtach a dhéanamh",
    "def-en": "In the context of machine learning, to perform the clustering task.",
    "def-ga": "I gcomhthéacs ríomhfhoghlama, an tasc aicmithe ionduchtaigh a chur i gcrích.",

    "prov": {
        "aicmigh": "féach ar an téarma 'classification / aicmiú'",
        "ionduchtach": "féach ar an téarma 'clustering / aicmiú ionduchtach'"
    },
    "notes": [
        "Féach ar an téarma 'clustering / aicmiú ionduchtach'."
    ]
}