{
    "term": "to embed",
    "part-of-speech": "briathar",
    "citation-form": "leabaigh",
    "def-en": "In the context of machine learning, to ceate embeddigns for nodes / edges / words / etc.",
    "def-ga": "I gcomhthéacs ríomhfhoghlama, leabuithe a chruthú i gcomhair nód / ceangal / focal, srl.",

    "prov": {
        "leabaigh": "de-bhaldraithe, focloir-beag, odonaill"
    },
    "notes": [
        "Is é 'leabú' seachas 'leabaigh' atá luaite i bhFoclóir Uí Dhónaill agus Uí Mhaoileoin.",
        "Féach chomh maith ar an téarma 'embedding / leabú'."
    ]
}