{
    "term": "to rank",
    "part-of-speech": "briathar",
    "citation-form": "rangaigh",
    "def-en": "In the context of a set of numbers, to give a rank to each number equal to its index in a sorted list of those numbers.",
    "def-ga": "I gcomhthéacs tacar uimhreacha, rang a thabhairt do gach uile uimhir ann ar ioann í agus a hinnéacs is liosta sortáilte na n-uimhreacha sin.",

    "prov": {
        "rangaigh": "de-bhaldraithe, focloir-beag, odonaill",
        "rang": "féach ar an téarma 'rank / rang'"
    },
    "notes": [
        "Sna foclóirí thuas ar fad, bíonn 'rangaigh' ann mar focal comhchiallach le 'aicmigh' seachas mar leagan Gaeilge den fhocal 'ranking'. Sin ráite, tagann sé ag an bhfréamh 'rang', a bhfuil an bhrí sin aige. Glactar leis an téarma seo mar sin.",
        "Is é 'rangú' seachas 'rangaigh' atá i bhFoclóir Uí Dhónaill agus Uí Mhaoileoin.",
        "Úsáidtear an téarma seo toisc go bhfuil 'rang' úsáidte chun 'rank' a chur in iúl.",
        "Féach chomh maith ar an téarma 'rank / rang'.",
        "Féach chomh maith ar an téarma 'rank / rang'."
    ]
}