{
    "term": "triple",
    "part-of-speech": "ainmfhocal",
    "citation-form": "abairt thriarach",
    "def-en": "a three-part statement $(s,p,o)$ that acts as the basic unit of knowledge in knowledge graphs.",
    "def-ga": "abairt trí choda $(a,f,c)$ atá mar aonad eolais bunúsach i ngraif eolais.",

    "prov": {
        "abairt": "de-bhaldraithe, dineen, focloir-beag, odonaill",
        "triarach": "de-bhaldraithe, dineen, odonaill"
    },
    "notes": [
        "Cé go bhfuil an focal 'triarach' ar Téarma.ie leis an mbrí chéanna (nach mór), ní ghlacfar leis sin toisc nach bhfuil fianaise ar bith ann sna foclóirí dúchasacha gur féidir 'triarach' a úsáid mar ainmfhocal. Sna foclóirí dúchasacha, ní luaitear é ach mar aidiacht. Mar sin, úsáidtear mar aidiacht amháin anseo é.",
        "Úsáidtear 'abairt' i gcomhthéacs gramadaí, seachas 'ráiteas'. Bíonn nach mór chuile rud a bhaineann le graif eolais samhlaithe trí analach le teangeolaíocht / le gramadach. Mar sin, meastar gur léire cloí le 'abairt thriarach' seachas 'ráiteas triarach' (nó téarma eile mar sin)."
    ]
}