{
    "term": "universe",
    "part-of-speech": "ainmfhocal",
    "citation-form": "domhan",
    "def-en": "In the context of mathematics, a massive, global set in which all objects belonging to a given domain exist.",
    "def-ga": "I gcomhthéacs matamaitice, tacar formhór uilíoch ina bhfuil gach uile réad a bhaineann le réimse éigin ann.",
    "prov": {
        "domhan": "féach ar an téarma 'world / domhan'"
    },
    "notes": [
        "Féach ar an téarma 'world / domhan'."
    ]
}