{
    "term": "weighted",
    "part-of-speech": "aidiacht",
    "citation-form": "ualaithe",
    "def-en": "In the context of machine learning or mathematics, having a numerical weight.",
    "def-ga": "I gcomhthéacs ríomhfhoghlama nó matamaiticiúil, a bhfuil ualach curtha leis.",

    "prov": {
        "ualaigh": "de-bhaldraithe, odonaill, storchiste"
    },
    "notes": [
        "Luann Stórchiste agus Foclóir Uí Dhónaill 'ualaigh' mar théarma staitistiúil. (Is sa téarma 'meán ualaithe' a fheictear an téarma seo i Stórchiste.)",
        "Féach chomh maith ar an téarma 'weight / ualach'."
    ]
}