{
    "term": "alignment",
    "part-of-speech": "ainmfhocal",
    "citation-form": "ailíniú",
    "def-en": "In the context of this thesis, how well two measures / quantities relate to each other in general terms.",
    "def-ga": "I gcomhthéacs an tráchtais seo, cé chomh maith is a luíonn dá thomhas / cáilíochtaí le chéile ar leibhéal leathan.",

    "prov": {
        "ailíniú": "de-bhaldraithe, odonaill"
    },
    "notes": [
        "Téarma ar fáil i gcomhthéacs comhchosúil sna foclóirí."
    ]
}