{
    "term": "batch",
    "part-of-speech": "ainmfhocal",
    "citation-form": "fo-thacar",
    "def-en": "During the training process, a group of data points from the training set that are given to the machine learning model to allow it to learn. Sometimes, batches of the testing and validation sets are used during testing and validation as well.",
    "def-ga": "Le linn an phróisis traenála, grúpa sonraí as an tacar traenála a thugtar don tsamhail ríomhfhoghlama chun ligean di foghlaim. Uaireanta, úsáidtear fo-thacar de thacar teisteála / deimhnithe le linn an próisis teisteála / deimhnithe chomh maith.",

    "prov": {
        "fo-": "de-bhaldraithe, focloir-beag, odonaill",
        "tacar": "féach ar an téarma 'set / tacar'"
    },
    "notes": [
        "Téarmaí díreach ar fáil le bríonna chomhchosúla.",
        "Féach chomh maith ar an téarma 'set / tacar'."
    ]
}