{
    "term": "hyperparameter search",
    "part-of-speech": "ainmfhocal",
    "citation-form": "cuardach hipear-pharaiméadar",
    "def-en": "the approach used to find the optimal hyperparameters for a machine learning model.",
    "def-ga": "an cur chuige a úsáidtear chun na hipear-pharaiméadair is fearr a fháil do shamhail ríomhfhoghlama.",

    "prov": {
        "cuardach": "de-bhaldraithe, dineen, focloir-beag, odonaill",
        "hipear-pharaiméadar": "féach ar an téarma 'hyperparameter / hipear-pharaiméadar'"
    },
    "notes": [
        "Féach ar nótaí ar an téarma 'hipear-pharaiméadar'.",
        "Cuirtear 'hipear-pharaiméadar' sa ghinideach iolra toisc go mbíonn cuardach déanta, don chuid is mó chun níos mó ná hipear-pharaiméadar amháin a fháil."
    ]
}