{
    "term": "label",
    "part-of-speech": "ainmfhocal",
    "citation-form": "lipéad",
    "def-en": "In the context of a knowledge graph, text that is linked to a node or edge that indicates what that node / edge represents.",
    "def-ga": "I gcomhthéacs graif eolais, téacs atá nasctha le nód nó le ceangal agus a chuireann in iúl céard dó a sheasann an nód / ceangal sin.",

    "prov": {
        "lipéad": "de-bhaldraithe, focloir-beag, odonaill"
    },
    "notes": [
        "Téarma díreach ar fáil le brí chomhchosúil."
    ]
}