{
    "term": "latent",
    "part-of-speech": "aidiacht",
    "citation-form": "folaigh",
    "def-en": "Of a vector or embedding in a machine learning model, representing information that is learned or implicit, and not explicitly modelled by the model.",
    "def-ga": "Ag trácht ar veicteoir nó ar leabú i samhail ríomhfhoghlama, ag trácht ar eolas atá foghlamtha nó impleachtaithe, seachas bheith samhlaithe go díreach ag an tsamhail chéanna.",

    "prov": {
        "folaigh": "de-bhaldraithe, dineen*, focloir-beag*, odonaill*"
    },
    "notes": [
        "Feictear 'teas folaigh' mar théarma eolaíochta i bhFoclóir De Bhaldraithe, agus glactar leis sa gcomhthéacs seo mar analach leis sin.",
        "* Tá an focal 'foclach' ann san foclóirí seo, cé nach bhfuil an bhrí eolaíochta 'folaigh' luaite leo."
    ]
}