{
    "term": "loss",
    "part-of-speech": "ainmfhocal",
    "citation-form": "pionós",
    "def-en": "In the context of a machine learning model, a numerical value that represents how bad the model is (that is, a higher penalty indicates that the model is less effective). Loss is used as a part of the mathematical process of machine learning.",
    "def-ga": "I gcomhthéacs samhla ríomhfhoghlama, luach uimhriúil a chuireann in iúl cé chomh dona is atá an tsamhail (sin le rá, is ionann pionós níos airde agus an tsamhail a bheith chomh héifeachtach céanna). Úsáidtear an pionós mar chuid mhatamaiticiúil den ríomhfhoghlaim.",

    "prov": {
        "pionós": "de-bhaldraithe, dineen, focloir-beag, odonaill"
    },
    "notes": [
        "* Is 'pionús' seachas 'pionós' atá i bhFoclóir Uí Dhuinín, ach glactar leis gurb in an focal céanna le litriú eile",
        "Tá 'caill' ar téarma.ie mar fhocal ar 'loss' an Bhéarla. Meastar go bhfuil sé sin rud beag ró-litriúil; i nGaeilge, is é 'caill' ná rud atá caillte / gan tuairisc air (de réir Foclóir Uí Dhónaill). Ní hionann sin agus an luach 'loss', atá úsáidte chun cur síos a dhéanamh ar cé chomh dona is atá samhail ríomhfhoghlama. Thairis sin, níl trácht ar bith ar 'caill' mar fhocal matamaiticiúil, eolaíochta, ná sainmhínithe ann. Ní ghlactar le 'caill' mar sin.",
        "Is minic a dhéantar analach idir ríomhfhoghlaim agus foghlaim na ndaoine (rud nach bhfuil crinn ar thaobh an heolaíochta de, ach a dhéantar mar sin féin). Sé bunús an analacha seo ná go mbíonn 'loss' mar phionós ar an ríomhaire (cosúil le pionós a chur ar madra toisc é a bheith dána). Bíonn an tsamhail ag foghlaim toisc an phionóis sin. Cé nach bhfuil an analach seo iomlán cruinn i gcomhthéacs matamaiticiúil na ríomhfhoghlama, úsáidtear minic go leor. Is as an analach seo a thagann an téarma roghnaithe 'pionós'.",
        "Ní i gcomhthéacs matamaiticiúil a luaitear an focal pionós, ach glactar leis fós féin toisc an analacha thuas."
    ]
}