{
    "term": "mapping",
    "part-of-speech": "ainmfhocal",
    "citation-form": "mapa",
    "def-en": "In the context of computer science, a database that allows access to one value (called the 'value') using another value (called the 'key').",
    "def-ga": "I gcomhthéacs ríomhaireachta, bunachar a ligeann duit luach amháin (an 'luach') a fháil trí cheangal le luach eile (an eochair).",

    "prov": {
        "mapa": "de-bhaldraithe, focloir-beag, odonaill"
    },
    "notes": [
        "Luann na foclóirí thuas ar fad 'mapa' i gcomhthéacs mapa ar an domhan. Ní shin atá i gceist anseo, ach, toisc gurb é aidhm mapa ríomhaireachta ná ceangal éigin a dhéanamh idir dhá rud (le gur féidir leathrud a fáil ón leathrud eile), agus troisc gurb as an meafair sin a thagann úsáid 'mapping' i mBéarla, glactar leis an téarma sin anseo."
    ]
}