{
    "term": "output",
    "part-of-speech": "ainmfhocal",
    "citation-form": "aschur",
    "def-en": "In the context of a system, process, or function, data that is returned from the process at its end.",
    "def-ga": "I gcomhthéacs córais, próisis, nó feidhme, sonraí a thagann as an bpróiseas céanna agus é críochnaithe.",


    "prov": {
        "aschur": "de-bhaldraithe, odonaill"
    },
    "notes": [
        "Luann Foclóir De Bhaldraithe 'ionchur' mar théarma teileachumarsáide -- sin le rá, i gcomhthéacs an-chosúil leis an gcomhthéacs seo."
    ]
}