{
    "term": "random sample",
    "part-of-speech": "ainmfhocal",
    "citation-form": "sampla fánach",
    "def-en": "A sample that is taken randomly.",
    "def-ga": "Sampla a thógtar go randamach.",

    "prov": {
        "sampla": "féach ar an téarma 'sample / sampla'",
        "sampla fánach": "de-bhaldraithe, focloir-beag, odonaill"
    },
    "notes": [
        "Tá an téarma seo ina iomlán ar fáil sna foclóirí thuas. Toisc é a bheith ar fáil ina iomlán, ní úsáidtear 'randamach' sa gcás seo."
    ]
}