{
    "term": "score",
    "part-of-speech": "ainmfhocal",
    "citation-form": "scór",
    "def-en": "A number describing how good something is (such as the accuracy of a machine learning mode).",
    "def-ga": "Uimhir a dhéanann cur síos ar cé chomh maith atá rud (m.sh. cruinneas samhla foghlama).",

    "prov": {
        "scór": "de-bhaldraithe, odonaill, (TODO: storchiste?)"
    },
    "notes": [
        "I gcomhthéacs cluichí a fheictear 'scór' úsáidte sna foclóirí seo, seachas i gcomhthéacs ríomhaireachta."
    ]
}