{
    "term": "set",
    "part-of-speech": "ainmfhocal",
    "citation-form": "tacar",
    "def-en": "A group of things (such as numbers) that does not have the property of having order, and that does not have repeats.",
    "def-ga": "Grúpa rudaí (m.sh uimhreacha) nach bhfuil áirí an oird ann, agus nach mbíonn an rud céanna faoi dhó ann.",

    "prov": {
        "tacar": "de-bhaldraithe, dineen*, focloir-beag*, odonaill, storchiste"
    },
    "notes": [
        "* Ní i gcomhthéacs matamaiticiúil a luaitear an téarma seo sna foclóirí seo.",
        "Is i gcomhthéacs matamaiticiúil a luaitear an téarma seo sna foclóirí eile."
    ]
}