{
    "term": "structural alignment",
    "part-of-speech": "ainmfhocal",
    "citation-form": "ailíniú struchtúir",
    "def-en": "How well the structure of something (i.e. a graph) relates to some other mathematical quantity.",
    "def-ga": "Cé chomh maith is a luíonn struchtúr ruda (.i. graf eolais) le cáilíocht mhatamaiticiúil eile.",

    "prov": {
        "ailíniú": "féach ar an téarma 'alignment / ailíniú'",
        "struchtúr": "féach ar an téarma 'structure / struchtúr'"
    },
    "notes": [
        "Féach ar na téarmaí 'ailíniú' agus 'struchtúr'."
    ]
}