{
    "term": "to-regularise",
    "part-of-speech": "briathar",
    "citation-form": "tabhair chun rialtachta",
    "def-en": "In the context of a machine learning mode, reducing overfitting by restricting the size of parameter values in some way.",
    "def-ga": "I gcomhthéacs samhla ríomhfhoghlama, ró-fhoghlaim a laghdú trí méid luach na bparaiméadar a shrianadh ar chaoi éigin.",

    "prov": {
        "tabhair chun rialtachta": "de-bhaldraithe, odonaill"
    },
    "notes": [
        "Frása iomlán ar fáil ó na foclóirí thuas i gcomhthéacs ginearálta."
    ]
}