{
    "term": "to simulate",
    "part-of-speech": "briathar",
    "citation-form": "insamhail",
    "def-en": "To use a machine learning model (or other computational tools) to model a complex process in a simpler form.",
    "def-ga": "Samhlail ríomhfhoghlama (nó uirlisí ríomhaireachta eile) a úsáid chun próiseas casta a shamhlú i bhfoirm níos simplí.",

    "prov": {
        "insamhail": "féach ar an téarma 'simulation / insamhladh'"
    },
    "notes": [
        "Féach ar an téarma 'simulation / insamhladh'."
    ]
}