{
    "term": "training set",
    "part-of-speech": "ainmfhocal",
    "citation-form": "tacar traenála",
    "def-en": "The dataset used to train a machine learning model.",
    "def-ga": "Tacar sonraí a úsáidtear chun samhail ríomhfhoghlama a thraenáil.",

    "prov": {
        "tacar": "féach ar an téarma 'set / tacar'",
        "traenáil": "féach ar an téarma 'training / traenáil'"
    },
    "notes": [
        "Féach ar na téarmaí 'set / tacar' agus 'training / traenáil'."
    ]
}