{
    "term": "correlation",
    "part-of-speech": "ainmfhocal",
    "citation-form": "comhghaol",
    "def-en": "A mathematical quantity that describes how well two lists of numbers relate.",
    "def-ga": "Cáilíocht mhatamaiticiúil a dhéanann cur síos ar cé chomh maith is a luíonn dhá shraith uimhreacha lena chéile.",

    "prov": {
        "comhghaol": "de-bhaldraithe, odonaill, storchiste"
    },
    "notes": [
        "Luann Foclóir Uí Dhónaill 'comhghaol' mar théarma matamaitice. Luann Stórchiste 'comhéifeacht comhghaolúcháin' mar 'correlation coefficient', téarma bunaithe as an bhfréamh céanna.",
        "Más é 'correlation coefficient' atá i gceist, ba cheart 'comhéifeacht comhghaolúcháin' a úsáid i bhfianaise a bhfuil le feiceáil i Stórchiste."
    ]
}