{
    "term": "embedding",
    "part-of-speech": "ainmfhocal",
    "citation-form": "leabú",
    "def-en": "A machine learning process that places nodes or edges into a vector space; or, the vector itself in embedding space that represents a node or edge.",
    "def-ga": "Próiseas ríomhfhoghlama a dhéanann nód nó ceangal a chur i spás veicteora; nó, an veicteoir é féin sa spás veicteora a chuireann nód nó ceangal in iúl.",

    "prov": {
        "leabú": "de-bhaldraithe, dineen, focloir-beag, odonaill"
    },
    "notes": [
        "Úsáidtear 'leabú' sna foclóirí chun tagairt a dhéanamh ar leabú fisiciúil: mar shampla, cloch a leabú i moirtéal. Sin ráite, níl sa mbrí nua (ríomheolaíochta) seo ach leabú i rud neamh-fhisiciúil -- spás veicteora. Mar sin, glactar le húsáid an téarma seo."
    ]
}