{
    "term": "error",
    "part-of-speech": "ainmfhocal",
    "citation-form": "earráid",
    "def-en": "In the context of machine learning, a value that measures how often a machine learning model errs in its predictions, and how bad those predictions are.",
    "def-ga": "I gcomhthéacs ríomhfhoghlama, luach a dhéanann tomhas ar cé chomh minic is a dhéanann samhail ríomhfhoghlama réamhinsint mícheart, agus ar cé chomh mícheart is atá na réamhinsintí sin.",

    "prov": {
        "earráid": "de-bhaldraithe, dineen, focloir-beag, odonaill, storchiste"
    },
    "notes": [
        "Téarma díreach ar fáil i gcomhthéacs matamaitice leis an mbrí cheannann chéanna ó Stórchiste, agus le bríonna comhchosúl (ach i gcomhthéacs níos leithna) sna foclóirí eile.",
        "Bheadh ciall le 'tomhas earráide' chomh maith, go háirithe má tá níos mó ná tomhas earráide amháin á phlé."
    ]
}