{
    "term": "hyperparameter",
    "part-of-speech": "ainmfhocal",
    "citation-form": "hipear-pharaiméadar",
    "def-en": "a (non-learnable) parameter or setting that is used to run a machine learning algorithm.",
    "def-ga": "paraiméadar (nach bhfuil fhoghlamtha) nó socrú atá úsáidte chun algartam samhla foghlama a rith.",

    "prov": {
        "hipear-": "odonaill",
        "pharaiméadar": "féach ar an téarma 'parameter / pharaiméadar'"
    },
    "notes": [
        "Níl an téarma iomlán 'hipear-pharaiméadar' ar fáil i bhfoclóir ar bith. Sin ráite, tá idir 'hipear-' (mar réimír) agus 'paraiméadar' (mar ainmfhocal) i bhFoclóir Uí Dhónaill, rud a spreagann an téarma seo go díreach.",
        "Is é hipearpharaiméadar a bhíonn ar Téarma.ie chomh maith."
    ]
}