{
    "term": "implementation",
    "part-of-speech": "ainmfhocal",
    "citation-form": "leagan infheidhmithe",
    "def-en": "In the context of computer science, executable code of a machine learning model or other algorithm in a coding language.",
    "def-ga": "I gcomhthéacs ríomheolaíochta, cód infheidhmithe de shamhail ríomhfhoghlama nó d'algartam eile i dteanga ríomheolaíochta.",

    "prov": {
        "leagan": "de-bhaldraithe, dineen, focloir-beag, odonaill",
        "feidhmigh": "de-bhaldraithe, focloir-beag, odonaill"
    },
    "notes": [
        "Is féidir an-chuid leaganacha ar leith a chruthú de gach uile shamhail ríomhfhoghlama (i dteangacha ríomheolaíochta ar leith, mar shampla). Ní bhíonn leagan ar bith 'níos cirte' ná leagan eile -- déanann siad an rud céanna. Is mar seo a chinneadh an focal 'leagan' a úsáid -- tugann sé le fios gur féidir leaganacha eile, atá ar chomhchéim lena chéile, a chruthú.",
        "Ar an leibhéal is bunúsaí, bíonn feidhm le gach uile 'implementation'. Ní 'implementation' gan bheith in ann é a chur ar siúl ar ríomhaire. Mar sin, baineann feidhmiú mar choincheap go díreach le 'implementation' mar théarma."
    ]
}