{
    "term": "interface",
    "part-of-speech": "ainmfhocal",
    "citation-form": "comhéadan",
    "def-en": "A protocol made between two (or more) parts of code, of a process, or of a machine learning system that defines how they interoperate.",
    "def-ga": "Conradh a dhéantar idir dhá (nó níos mó) cuid de chód, de phróiseas, nó de chóras ríomhfhoghlama a shainmhíníonn cén chaoi a oibríonn siad lena chéile.",

    "prov": {
        "comhéadan": "odonaill"
    },
    "notes": [
        "Luann Foclóir Uí Dhónaill 'comhéadan' mar théarma geolaíochta. I gcomhthéacs geolaíochta, is ionann comhéadan agus an áit (fhisiceach) a thagann dhá rud le chéile. I gcomhthéacs ríomheolaíochta, sin an coincheap céanna atá taobh thiar de 'interface' -- an áit ina thagann dhá chuid de chód nó de phróiseas le chéile.",
        "Tá 'comhéadan' ar Téarma.ie (i gcomhthéacs ríomheolaíochta) chomh maith."
    ]
}