{
    "term": "knowledge graph embedding (KGE)",
    "part-of-speech": "ainmfhocal",
    "citation-form": "leabú graif eolais (LGE)",
    "def-en": "The machine learning process of embedding a single knowledge graph into vector space; or, a single embedding obtained from said process.",
    "def-ga": "Próiseas ríomhfhoghlama a bhfuil leabú graif eolais amháin mar thoradh air; nó, leabú amháin a fhaightear mar thoradh air sin.",

    "prov": {
        "leabú": "féach ar an téarma 'embedding / leabú'",
        "graf eolais": "féach ar an téarma 'knowledge graph (KG) / graf eolais (GE)'"
    },
    "notes": [
        "Fágtar san uimhir uatha an téarma 'graf eolais' toisc nach mbíonn ach graf amháin á leabú ag aon uair amháin / ag aon samhail amháin.",
        "Féach chomh maith ar an téarma 'embedding / leabú'.",
        "Féach chomh maith ar an téarma 'knowledge graph (KG) / graf eolais (GE)'."
    ]
}