{
    "term": "latent",
    "part-of-speech": "aidiacht",
    "citation-form": "folaigh",
    "def-en": "Of a vector, embedding, or parameters in a machine learning model, representing information that is learned or implicit. In a neural network, all layers except the input and output layers are latent layers.",
    "def-ga": "Ag trácht ar veicteoir, ar leabú, nó ar paraiméadair i samhail ríomhfhoghlama, ag trácht ar eolas atá foghlamtha nó impleachtaithe. Is cisil fholaigh iad chuile chiseal i líonra néarach seachas an ciseal ionchuir agus an ciseal aschuir.",

    "prov": {
        "folach": "de-bhaldraithe, dineen*, focloir-beag, odonaill"
    },
    "notes": [
        "Feictear 'teas folaigh' mar théarma eolaíochta i bhFoclóir De Bhaldraithe, agus glactar leis sa gcomhthéacs seo mar analach leis sin.",
        "Úsáidtear an focal 'folach' toisc go mbíonn leabuithe / paraiméadair / srl folaigh 'i bhfolach' -- ní bhítear in ann a rá cad dó a sheasann siad toisc matamaitic na samhlacha ríomhfhoghlama a bheith ró-chasta lena bheith tuigthe go díreach ag dhaoine."
    ]
}