{
    "term": "link prediction (LP)",
    "part-of-speech": "ainmfhocal",
    "citation-form": "réamhinsint nasc (RN)",
    "def-en": "In the context of a knowledge graph, the act of predicting a new triple (that is not in the graph) based on the triples that are in the graph.",
    "def-ga": "I gcomhthéacs graif eolais, réamhinsint abairt thriarach nua (nach bhfuil sa ngraf) bunaithe air na habairtí triaracha atá sa ngraf.",

    "prov": {
        "réamhinsint": "féach ar an téarma 'prediction / réamhinsint'",
        "nasc": "de-bhaldraithe, dineen, focloir-beag, odonaill"
    },
    "notes": [
        "Luaitear 'nasc' den chuid is mó mar snaidhm ag bhíonn ag coinneáil dhá rud le chéile. Sin ráite, is féidir abairt thriarach a shamhlú mar dhá nód agus ceangal nasctha le chéile (agus is dócha gurb in an áit as a dtagann an téarma Béarla 'link' chomh maith).",
        "Is é an ginideach iolra (réamhinsint nasc) a úsáidtear anseo toisc gur minice caint a dhéanamh ar réamhinsint roinnt nasc seachas réamhinsint ar nasc amháin. Sin ráite, is é 'réamhinsint naisc' an téarma ceart nuair nach bhfuil ach nasc amháin lena bheith réamhinste.",
        "Féach chomh maith ar an téarma 'prediction / réamhinsint'."
    ]
}