{
    "term": "linked open data (LOD)",
    "part-of-speech": "ainmfhocal",
    "citation-form": "sonraí nasctha saor-rochtana (SNSR)",
    "def-en": "Linked data that is made available for easy, free, and public access.",
    "def-ga": "Sonraí nasctha a bhfuil rochtain éasca, saor, agus poiblí air.",

    "prov": {
        "sonra": "féach ar an téarma 'database / bunachar sonraí'",
        "nasc": "féach ar an téarma 'link prediction (LP) / réamhinsint nasc (RN)'",
        "saor-rochtana": "féach ar an téarma 'open source / saor-rochtana'"
    },
    "notes": [
        "Is é 'sonraí nasctha saor-rochtana' atá ar Téarma.ie. Glactar leis sin toisc go gcloíonn sé le sampla na bhfoclóirí dúchasacha.",
        "Féach chomh maith ar an téarma 'linked data (LD) / sonraí nasctha (SN)'.",
        "Féach chomh maith ar an téarma 'linked data (LD) / sonraí nasctha (SN)'.",
        "Féach chomh maith ar an téarma 'open source / saor-rochtana'."
    ]
}