{
    "term": "median (statistic)",
    "part-of-speech": "ainmfhocal",
    "citation-form": "airmheán",
    "def-en": "With regards to a distribution, the value directly in the middle of all sorted values.",
    "def-ga": "Ag trácht ar dáileadh, an luach díreach i lár na luachanna ar fad agus iad sórtáilte.",

    "prov": {
        "airmheán": "odonaill, storchiste"
    },
    "notes": [
        "Téarma díreach ar fáil leis an mbrí chéanna sna foclóirí thuas."
    ]
}