{
    "term": "modular",
    "part-of-speech": "aidiacht",
    "citation-form": "modúlach",
    "def-en": "Regarding a model or process, having modules as parts of it. A part of a model or process can be said to be modular if it is itself a module (i.e. a modular component).",
    "def-ga": "Ag trácht ar samhail nó ar próiseas, a bhfuil modúl mar chuid de. Is féidir a rá go bhfuil cuid de shamhail nó de phróiseas, atá mar mhodúl é féin, modúlach (.i. cuid mhodúlach).",

    "prov": {
        "modúlach": "odonaill"
    },
    "notes": [
        "Téarma díreach ar fáil leis an mbrí chéanna.",
        "Féach chomh maith ar an téarma 'module / modúl'."
    ]
}