{
    "term": "object corruption",
    "part-of-speech": "ainmfhocal",
    "citation-form": "malartú an chuspóra",
    "def-en": "In the context of negative sampling, the process of creating a negative sample by replacing the object $o$ in a triple $(s,p,o)$ with another node.",
    "def-ga": "I gcomhthéacs frith-shamplála, an próiseas a bhaineann le frith-shampla a chruthú tríd an gcuspóir $c$ in abairt thriarach $(a,f,c)$ a ionadú le nód eile.",

    "prov": {
        "malartaigh": "de-bhaldraithe, dineen, focloir-beag, odonaill",
        "cuspóir": "féach ar an téarma 'object / cuspóir'"
    },
    "notes": [
        "Féach ar an téarma 'object / cuspóir'."
    ]
}