{
    "term": "pseudotype",
    "part-of-speech": "ainmfhocal",
    "citation-form": "aicme chumtha",
    "def-en": "In the context of a node in a knowledge graph, an estimated class type that is attached to it (wichh does not come from the graph's ontology, if it has one).",
    "def-ga": "I gcomhthéacs nód i ngraf eolais, aicme measta atá curtha leis (nach dtagann as ointeolaíocht an ghraif, má tá ceann ann).",

    "prov": {
        "cum": "de-bhaldraithe, dineen, odonaill",
        "aicme": "féach ar an téarma 'class / aicme'"
    },
    "notes": [
        "Ní úsáidtear 'bréag' mar 'pseudo' sa gcás seo toisc go bhfuil an téarma sin níos diúltaí i nGaeilge. Ní hé gur bréaga iad na haicmí measta, ach amháin nach dtagann siad as ointeolaíocht an ghraif.",
        "Féach chomh maith ar an téarma 'class / aicme'."
    ]
}