{
    "term": "range",
    "part-of-speech": "ainmfhocal",
    "citation-form": "raon",
    "def-en": "In the context of mathematics, the set of values that can be used as input to some function. In the context of a predicate in a knowledge graph, the set of nodes that can be used as subjects in triples with that predicate.",
    "def-ga": "I gcomhthéacs matamaitice, tacar luacha atá mar aschur ag feidhm éigin. I gcomhthéacs faisnéise i ngraf eolais, tacar nód ar féidir leo bheith mar chuspóirí in abairtí triaracha leis an bhfaisnéis sin.",

    "prov": {
        "raon": "de-bhaldraithe*, storchiste"
    },
    "notes": [
        "Téarma díreach ar ó Stórchiste fáil leis an mbrí chéanna i gcomhthéacs matamaitice.",
        "* Cé go bhfuil an téarma seo i bhFoclóir De Bhaldraithe, ní luaitear comhthéacs ar bith leis, agus níl sé cinnte mar sin an raibh bhrí matamaiticiúil i gceist ann nó nach raibh.",
        "Cé go bhfuil an focal seo i bhFoclóir Uí Dhónaill, i bhFoclóir Uí Dhónaill agus Uí Mhaoileoin, i bhFoclóir De Bhaldraithe, agus i bhFoclóir Uí Dhuinín, is mar bhealach nó mar limistéar talún seachas mar thacar luacha matamaitice a bhíonn sé luaite iontu."
    ]
}