{
    "term": "regression",
    "part-of-speech": "ainmfhocal",
    "citation-form": "cúlú",
    "def-en": "The the context of mathematics, the process relating to finding a linear equation that accurately describes the numerical patterns in a data set.",
    "def-ga": "I gcomhthéacs matamaitice, an próiseas a bhaineann le cothromóid líne a fháil a dhéanann cur síos cruinn ar phatrúin uimhriúla i sraith sonraí.",

    "prov": {
        "cúlú": "de-bhaldraithe, odonaill, storchiste"
    },
    "notes": [
        "Luann an trí fhoinse thuas an téarma seo mar théarma matamaitice."
    ]
}