{
    "term": "scalar",
    "part-of-speech": "aidiacht",
    "citation-form": "scálach",
    "def-en": "A numerical value other than a variable, typically used in multiplication.",
    "def-ga": "Uimhir nach athróg é a bhíonn á húsáid le huimhir eile a mhéadú fúithi.",

    "prov": {
        "comhéifeacht": "de-bhaldraithe, odonaill, storchiste"
    },
    "notes": [
        "Téarma luaite mar théarma matamaitice i bhFoclóir Uí Dhónaill, i bhFoclóir De Bhaldraithe, agus i Stórchiste.",
        "Más ainmfhocal atá uait, úsáid 'uimhir scálach' (nó 'scálach' mar atá ag Stórchiste)."
    ]
}