{
    "term": "scoring function",
    "part-of-speech": "ainmfhocal",
    "citation-form": "feidhm scórála",
    "def-en": "In the context of knowledge graph embedding models, a function that assigned a plausibility score to a triple.",
    "def-ga": "I gcomhthéacs samhlacha leabaithe graif eolais, feidhm a dhéanann scór inchreidteachta a thabhairt d'abairt thriarach.",

    "prov": {
        "feidhm": "féach ar an téarma 'function / feidhm'",
        "scóráil": "féach ar an téarma 'to score / scóráil'"
    },
    "notes": [
        "Téarma cruthaithe go díreach as dá théarma eile sa bhFoclóir Tráchtais.",
        "Féach chomh maith ar an téarma 'function / feidhm'.",
        "Féach chomh maith ar an téarma 'to score / scóráil'."
    ]
}