{
    "term": "setwise function",
    "part-of-speech": "ainmfhocal",
    "citation-form": "feidhm de thacar (pointí)",
    "def-en": "A function that takes a set of data points as input.",
    "def-ga": "Feidhm a bhfuil tacar pointí sonraí mar ionchur aici.",

    "prov": {
        "feidhm": "féach ar an téarma 'function / feidhm'",
        "tacar": "féach ar an téarma 'set / tacar'",
        "pointe": "féach ar an téarma 'pointwise function / feidhm de phointe'"
    },
    "notes": [
        "Féach ar an téarma 'pointwise function / feidhm de phointe'.",
        "Féach ar an téarma 'function / feidhm'."
    ]
}