{
    "term": "softmax",
    "part-of-speech": "ainmfhocal",
    "citation-form": "softmax",
    "def-en": "The softmax activation function.",
    "def-ga": "An fheidhm ghníomhachtaithe softmax.",

    "prov": {
        "softmax": "N / A"
    },
    "notes": [
        "Níl an téarma seo le fáil ó fhoinse ar bith (fiú Téarma.ie). Is ainm ar fheidhm ghníomhachtaithe é, agus tá sé ina ainm dílis nach mór ag an bpointe seo. Dá bharr sin, agus toisc go mbeadh aistriúchán / Gaelú air níos doiléire do ríomheolaithe ná an t-ainm sean-bhunaithe a úsáid, fágtar gan aistriú é. Moltar é a chur sa gcló iodálach agus é á scríobh i dtéacs Gaeilge."
    ]
}