{
    "term": "source code",
    "part-of-speech": "ainmfhocal",
    "citation-form": "(bun-)chód",
    "def-en": "The code used for some coding project (for example, the code used for a machine learning model).",
    "def-ga": "An cód taobh thiar de thionscadal cóid éigin (m.sh. an cód taobh thiar de shamhail ríomhfhoghlama).",

    "prov": {
        "bun-": "de-bhaldraithe, dineen, focloir-beag, odonaill",
        "cód": "de-bhaldraithe, focloir-beag, odonaill"
    },
    "notes": [
        "Tá an téarma 'cód foinseach' ar Téarma.ie, ach níl an focal 'foinseach' le feiceáil sna foclóirí dúchasacha. Ní ghlactar leis an téarma sin mar sin.",
        "Cé go bhfuil an focal 'foinse' ann i nGaeilge (agus úsáidte go minic ar Téarma.ie chun brí chomhchosúil leis seo a chur in iúl), meastar go bhfuil sé ró-litriúil mar aistriúchán. In ainneoin an focal sin a úsáid, aistrítear bhun-bhrí an téarma seo. Is ionann 'source code' agus 'bun-chóid' tionscadail, toisc gurb in an cód ar a bhfuil an tionscadal bunaithe. Glactar le 'bun-chód' toisc a léire agus a simplí is atá sé."
    ]
}