{
    "term": "symbol",
    "part-of-speech": "ainmfhocal",
    "citation-form": "siombail",
    "def-en": "In the context of logic or logical rules, a character that represents a logical expression, a logical variable, a logical operation, or some other part of a logical expression.",
    "def-ga": "I gcomhthéacs loighce nó rialacha loighce, comhartha a sheasann do shlonn loighce, d'athróg loighce, d'oibríocht loighce, nó do chuid eile de shlonn loighce.",

    "prov": {
        "siombail": "de-bhaldraithe, focloir-beag, odonaill"
    },
    "notes": [
        "Cé go mbíonn 'comhartha' luaite mar leagan Gaeilge den fhocal 'symbol', is cosúil go mbaineann 'comhartha' leis an gcomhartha / marc scríofa níos mó ná leis an gcoincheap teibí atá taobh thiar de (féach ar Fhoclóir Uí Dhónaill, mar shampla). Roghnaíodh 'siombail' mar sin.",
        "Is é 'siombail' atá ar Téarma.ie ina chomhair seo -- agus meastar gur fearr cloí leis sin toisc go luíonn an téarma ar Téarma.ie le fianaise atá ar fáil sna foclóirí dúchasacha."
    ]
}