{
    "term": "to abstract",
    "part-of-speech": "ainmfhocal",
    "citation-form": "teibigh",
    "def-en": "To generalise a base concept to arrive at a higher-order concept. Or, in the context of computer science, to put a simple interface around a complex process or object to facilitate access to it.",
    "def-ga": "Ginearálú a dhéanamh ar bhun-choincheap chun teacht ar choincheap nua ar leibhéal níos airde. Nó, i gcomhthéacs ríomheolaíochta, comhéadan simplí a chur timpeall ar phróiseas nó ar réad casta chun rochtain air a éascú.",

    "prov": {
        "teibigh": "de-bhaldraithe, odonaill"
    },
    "notes": [
        "Téarma díreach ar fáil leis an mbrí chéanna (ach i gcomhthéacs fealsúnachta seachas ríomheolaíochta).",
        "Féach chomh maith ar an téarma 'abstraction / teibiú'."
    ]
}