{
    "term": "transfer learning",
    "part-of-speech": "ainmfhocal",
    "citation-form": "tras-fhoghlaim",
    "def-en": "The practice of fine-training a pre-existing (pre-trained) machine learning model to produce a new model that solves a different task.",
    "def-ga": "Úsáid cur chuige mion-feabhsaithe chun cur ar chumas do shamhail ríomhfhoghlama atá ann cheana (.i. atá réamh-thraenáilte) tasc eile a dhéanamh.",

    "prov": {
        "tras-": "de-bhaldraithe, focloir-beag, odonaill",
        "foghlaim": "féach ar an téarma 'machine learning / ríomhfhoghlaim'"
    },
    "notes": [
        "Níl aistriúchán déanta ar an téarma seo cheana go bhfios don údar (fiú ar Téarma.ie).",
        "Bhí rogha eile ann chun an téarma seo a aistriú -- 'foghlaim aistrithe'. Tá an-chiall leis sin -- déanann 'transfer learning' córas ríomhfhoghlama ar traenáladh é i gcomhthéacs amháin a aistriú go comhthéacs eile. Roghnaíodh 'trasfhoghlaim' seachas 'foghlaim aistrithe' toisc gur rud sainmhínithe atá i gceist le 'transfer learning'. Is féidir go leor bríonna a shamhlú le 'foghlaim aistrithe' (m.sh. aistriúchán uath-oibríoch, foghlaim bunaithe ar aistriú leabuithe, srl) Meastar gur léire 'trasfhoghlaim' mar sin.",
        "Luann Téarma.ie an téarma 'traschur' mar 'transfer'. Sin ráite, níl an téarma sin le feiceáil i bhFoclóir Uí Dhónaill, i bhFoclóir Uí Dhuinín, i bhFoclóir Uí Dhónaill agus Uí Mhaoileoin, ná i bhFoclóir De Bhaldraithe. Ní ghlactar leis sin mar sin."
    ]
}