{
    "term": "architecture",
    "part-of-speech": "ainmfhocal",
    "citation-form": "dearadh",
    "def-en": "The mathematical structure of a neural network.",
    "def-ga": "An struchtúr matamaiticiúil atá ar líonra néarach.",

    "prov": {
        "dearadh": "de-bhaldraithe, dineen, focloir-beag, odonaill"
    },
    "notes": [
        "Úsáidtear 'dearadh' seachas 'ailtireacht' toisc gurb é an rud is tábhachtaí ná cé chaoi a rinneadh an líonra néarach a dhearadh; sin le ré, rogha an dearthóra.",
        "Níl cúis ar bith ann, ar thaobh na ríomheolaíochta de, idirdhealú a dhéanamh idir 'design' agus 'architecture' (agus úsáidtear mar an gcéanna an dá fhocal). Tá 'dearadh' níos léire i nGaeilge toisc go mbíonn ailtireacht ag trácht, den chuid is mó, ar ailtireacht foirgneamh (mar a fheictear i bhFoclóir Uí Dhónaill). Roghnaítear 'dearadh' seachas 'ailtireacht' mar sin."
    ]
}