{
    "term": "assumption",
    "part-of-speech": "ainmfhocal",
    "citation-form": "foshuíomh",
    "def-en": "A statement that is taken to be true.",
    "def-ga": "Ráiteas a chuirtear i gcás gur fíor é.",

    "prov": {
        "foshuíomh": "de-bhaldraithe, odonaill"
    },
    "notes": [
        "De réir Fhoclóirí Uí Dhónaill agus De Bhaldraithe, is téarma fealsúnachta é seo. Cloíonn sé sin leis an gcomhthéacs eolaíochta atá i gceist leis an tráchtas seo.",
        "Is féidir 'cur i gcás' nó 'beirtear leis' a úsáid chomh maith i bhfrása chun brí chomhchosúil leis seo a chur in iúl."
    ]
}