{
    "term": "clustering",
    "part-of-speech": "ainmfhocal",
    "citation-form": "rangú ionduchtach",
    "def-en": "In the context of machine learning, the process related to assigning a class to data points when there is no knowledge in advance of what the correct labels are (or even how many there are), such that the learning must be done inductively.",
    "def-ga": "I gcomhthéacs ríomhfhoghlama, an próiseas a bhaineann le pointí sonraí a rangú nuair nach bhfuil eolas ar bith céard iad na ranganna cearta (ná an méid ranganna fiú) ar fáil roimh ré, sa gcaoi gur gá iad sin a fhoghlaim go hionduchtach.",

    "prov": {
        "rangaigh": "féach ar an téarma 'classification / rangú'",
        "ionduchtach": "de-bhaldraithe, odonaill, storchiste"
    },
    "notes": [
        "Luann Stórchiste an téarma 'ionduchtach' i gcomhthéacs matamaitice. Luann na foclóirí eile é i gcomhthéacs níos ginearálta, ach leis an mbrí chéanna.",
        "Is éard is 'clustering' ann mar thasc ríomhfhoghlama ná lipéad ranga a chur le pointí sonraí nach bhfuil lipéad ar bith leo. Tá sé an-cheangailte le rangú mar thasc, ach amháin nach bhfuil fios na ranga cearta ar fáil don chóras ríomhfhoghlama roimh ré. Sin le rá, is tasc ionduchtach é. Is as an bun-choincheap seo a roghnaítear 'rangú ionduchtach' mar théarma.",
        "Tá 'braisliú' le feiceáil ar Focloir.ie -- focal a thagann as an bhfréamh 'braisle'. Ní bhíonn an leagan briathair 'braisliú' le feiceáil i bhfoclóir dúchasach ar bith. Ní ghlactar leis mar sin sa gcomhthéacs matamaitice seo.",
        "Féach ar an téarma 'classification / rangú'."
    ]
}