{
    "term": "correlation",
    "part-of-speech": "ainmfhocal",
    "citation-form": "comhchoibhneas",
    "def-en": "A mathematical quantity that describes how well two lists of numbers relate.",
    "def-ga": "Cáilíocht matamaiticiúil a dhéanann cur síos ar cé chomh maith is a luíonn dhá shraith uimhreacha lena chéile.",

    "prov": {
        "comhchoibhneas": "de-bhaldraithe, dineen*, odonaill"
    },
    "notes": [
        "* Tá 'cómh' agus 'cóibhneas' ar fáil i bhFoclóir Uí Dhuinín, ach ní chuirtear le chéile iad ann",
        "Téarma ar fáil ó Fhoclóir Uí Dhónaill agus ó Fhoclóir De Bhaldraithe.",
        "Is iomaí téamaí a bhfuil an bhrí chéanna luaite leo i roinnt foclóir -- comhghaol, comhghaolú, comhghaolúchán, agus comhchoibhneas. Roghnaíodh comhchoibhneas toisc é a bheith ceangailte le coibhneas teibí, seachas le gaoil clainne / daonna (amháin)."
    ]
}