{
    "term": "correct fitting",
    "part-of-speech": "ainmfhocal",
    "citation-form": "foghlaim cheart",
    "def-en": "In the context of machine learning, reasonably complete learning that can extract general patterns from the training set without overfitting or underfitting.",
    "def-ga": "I gcomhthéacs ríomhfhoghlama, foghlaim réasúnta iomlán atá in ann patrúin ginearálta an tacair traenála a fhoghlaim gan a bheith ag ró-fhoghlaim ná an foghlaim go heasnamhach.",

    "prov": {
        "foghlaim": "féach ar an téarma 'machine learning / ríomhfhoghlaim'",
        "ceart": "de-bhaldraithe, dineen*, focloir-beag, odonaill"
    },
    "notes": [
        "Féach ar an téarma 'machine learning / ríomhfhoghlaim'"
    ]
}