{
    "term": "dimensionality",
    "part-of-speech": "ainmfhocal",
    "citation-form": "(frása le 'toise')",
    "def-en": "Regarding a vector space, the number of elements contained in each vector in that space; or, the property of having dimensions.",
    "def-ga": "Ag trácht ar spás veicteora, líon na n-uimhreacha atá i ngach uile veicteoir sa spás céanna; nó, an t-airí ruda a bhfuil toisí aige.",

    "prov": {
        "toise": "féach ar an téarma 'dimension / toise'"
    },
    "notes": [
        "féach ar an téarma 'dimension / toise'"
    ]
}