{
    "term": "loss",
    "part-of-speech": "ainmfhocal",
    "citation-form": "pionós (foghlama)",
    "def-en": "In the context of a machine learning model, a numerical value that represents how bad the model is (that is, a higher penalty indicates that the model is less effective). Loss is used as a part of the mathematical process of machine learning.",
    "def-ga": "I gcomhthéacs samhla ríomhfhoghlama, luach uimhriúil a chuireann in iúl cé chomh dona is atá an tsamhail (sin le rá, is ionann pionós níos airde agus an tsamhail a bheith chomh héifeachtach céanna). Úsáidtear an pionós mar chuid mhatamaiticiúil den ríomhfhoghlaim.",

    "prov": {
        "pionós": "de-bhaldraithe, dineen, focloir-beag, odonaill"
    },
    "notes": [
        "* Is 'pionús' seachas 'pionós' atá i bhFoclóir Uí Dhuinín, ach glactar leis gurb in an focal céanna le litriú eile",
        "Tá 'caill' / ' caillteanas' ar Tearma.ie mar fhocal ar 'loss' an Bhéarla. Meastar go bhfuil siad sin rud beag ró-litriúil; i nGaeilge, is éard atá i gceist le 'caill' / ' caillteanas' ná rud atá caillte / gan tuairisc air (de réir Foclóir Uí Dhónaill). Ní hionann sin agus an luach 'loss', atá úsáidte chun cur síos a dhéanamh ar cé chomh dona is atá samhail ríomhfhoghlama. Thairis sin, níl trácht ar bith ar 'caill' mar fhocal matamaiticiúil, eolaíochta, ná sainmhínithe i bhfoclóir dúchasach ar bith. Ní ghlactar le 'caill' / le 'caillteanas' mar sin.",
        "Is minic a dhéantar analach idir ríomhfhoghlaim agus foghlaim na ndaoine / ainmhithe. Is é bunús an analacha seo ná go mbíonn 'loss' mar phionós ar an ríomhaire (cosúil le pionós a chur ar madra toisc é a bheith dána). Bíonn an tsamhail ag foghlaim toisc an phionóis sin -- chun rudaí a dhéanamh nach bhfuil pionós leo. Is dócha gur as an analach sin a tháinig an téarma 'pionós' i dtosach.",
        "Cé nach mbíonn sé seo iomlán soiléir i gcónaí, is 'pionós' (nó 'penalty') é 'loss' go litriúil chomh maith. Nuair a bhíonn ríomhfhoghlaim ar siúl bíonn (i nach mór gach uile cás) paraiméadair infhoghlamtha ar an tsamhail atá le hathrú le linn feabhsaithe. Is ionann na paraiméadair seo a athrú agus treo a thabhairt dóibh. Tabhair mar shampla samhail ríomhfhoghlama an-simplí -- cúlú líneach le dhá pharaiméadar (.i. y = ax + b, ina bhfuil a agus b mar pharaiméadair). Is féidir gan uile shamhail mar sin a shamhlú mar phointe ar bhreac Cairtéiseach (.i. (3,2), le a=3 agus b=2). Bíonn luach an phionóis (p) mar ais z (sa tríú toise) -- is é is ísle is atá, is é is fearr. Nuair a bhíonn foghlaim ar siúl, is í is aidhm leis an bhfoghlaim ná pointe (a,b) a fháil a bhfuil an luach phionóis p chomh íseal agus is féidir. Le linn an fheabhsaithe sin, is minic (go háirithe agus feidhm phionóis simplí in úsáid) go mbíonn an tsamhail sáinnithe ar íosmhéid logánta (nach ionann agus an íosmhéid is ísle ar leibhéal uilíoch). Tarlaíonn sé seo toisc an tsamhail a bheith ag bogadh sa treo mícheart. Chun é seo a sheachaint, déantar feidhmeanna pionóis níos fearr (agus níos casta) a úsáid. Gearrann na feidhmeanna seo pionós níos airde ar an tsamhail má bhogann sé sa treo mícheart ní luach pionóis níos airde a chur leis an pointí sin. Cé nach pionós dlí é seo, is pionós foghlama é go litriúil.",
        "Is minic a bhíonn trácht ar 'penalty' i litríocht na réimse i mBéarla díreach toisc an dá phointe thuas",
        "Ní i gcomhthéacs matamaiticiúil a luaitear an focal pionós, ach glactar leis fós féin toisc na bpointí thuas. Móide sin, moltar 'pionós foghlama' a úsáid más gá léiriú cé sóirt pionóis atá i gceist, i dtaca leis na pointí thuas."
    ]
}