{
    "term": "maximum",
    "part-of-speech": "ainmfhocal",
    "citation-form": "uasmhéid",
    "def-en": "The highest value that can be obtained (for example, during the optimisation of a machine learning model).",
    "def-ga": "An luach is airde gur féidir a fháil (mar shampla, le linn feabhsaithe samhla ríomhfhoghlama).",

    "prov": {
        "uasluach": "focloir-beag, odonaill",
        "uas-": "de-bhaldraithe, focloir-beag, odonaill, storchiste",
        "luach": "de-bhaldraithe, dineen, focloir-beag, odonaill, storchiste"
    },
    "notes": [
        "Téarma luaite mar théarma matamaitice i bhFoclóir Uí Dhuinín agus i bhFoclóir Uí Dhónaill agus Uí Mhaoileoin. Tá an dá chuid den téarma seo luaite le bríonna comhchosúla chomh maith sna foclóirí eile thuas."
    ]
}