{
    "term": "plausibility score",
    "part-of-speech": "ainmfhocal",
    "citation-form": "scór inchreidteachta",
    "def-en": "A number that represents the chance that something is true",
    "def-ga": "Uimhhir a dhéanann cur síos ar an dóchúlacht go bhfuil rud fíor.",

    "prov": {
        "scór": "féach ar an téarma 'score / scór'",
        "inchreidteacht": "féach ar an téarma 'plausibility / inchreidteacht'"
    },
    "notes": [
        "Féach ar nótaí ar 'scór' agus ar 'inchreidteacht'"
    ]
}