{
    "term": "rank",
    "part-of-speech": "ainmfhocal",
    "citation-form": "ord",
    "def-en": "Regarding a value in a sorted list, the index at which that element is located.",
    "def-ga": "Ag trácht ar luach i liosta sórtáilte, an t-innéacs sa liosta sin ag bhfuil sé.",

    "prov": {
        "ord": "de-bhaldraithe, dineen, focloir-beag, odonaill"
    },
    "notes": [
        "Téarma díreach ar fáil le brí chomhchosúil.",
        "An chúis nár úsáideadh 'rang' ná go bhfuil rangú aistrithe chomh maith ar “classification”, agus 'rang' mar 'rank' nó mar 'class'. I réamhinsinte nasc is é an tasc atá ann ná roinnt mhór roghanna a chur in ord de réir scór inchreidteachta. Is mar sin a mheastar go bhfuil “ord” (agus 'cuir in ord') níos fearr sa gcás seo, cé go bhfuil ciall éigin le 'rang' mar aistriúchán chomh maith.",
        "Is minic córas innéacs bunaithe ar 0 a úsáid i ríomheolaíocht. Cé is moite de sin, is córas innéacs bunaithe ar 1 a bhíonn in úsáid i gcónaí i gcomhthéacs leabuithe graf eolas / réamhinsinte nasc."
    ]
}