{
    "term": "structural alignment framework",
    "part-of-speech": "ainmfhocal",
    "citation-form": "creatlach ailínithe struchtúir",
    "def-en": "The central hypothesis of this thesis, which states that there is alignment between the structure of a knowledge graph and how well link prediction can be done on it.",
    "def-ga": "An hipitéis taobh thiar den tráchtas seo, a deir go bhfuil ailíniú idir struchtúr graif eolais agus cé chomh maith agus is féidir réamhinsint nasc a dhéanamh air.",

    "prov": {
        "creatlach": "féach ar an téarma 'framework / creatlach'",
        "ailíniú": "féach ar an téarma 'alignment / ailíniú'",
        "struchtúr": "féach ar an téarma 'structure / struchtúr'"
    },
    "notes": [
        "Téarma cruthaithe as téarmaí eile anseo (agus as 'hipitéis', atá luaite sa gcomhthéacs céanna sna foclóirí thuas)."
    ]
}