{
    "term": "structure",
    "part-of-speech": "ainmfhocal",
    "citation-form": "struchtúr",
    "def-en": "In the context of a graph, patterns, numerical summaries, and statistics that can be calculated on the graph (without reference to the meaning of the information contained in the graph).",
    "def-ga": "I gcomhthéacs graif, patrúin, achoimrí uimhriúil, agus staitisticí ar féidir iad a áireamh ar an ngraf (gan trácht ar brí / ciall an eolais sa ngraf).",

    "prov": {
        "struchtúr": "de-bhaldraithe, focloir-beag, odonaill"
    },
    "notes": [
        "Téarma luaite le brí comhchosúil sna foclóirí thuas."
    ]
}