{
    "term": "to rank",
    "part-of-speech": "briathar",
    "citation-form": "cuir in ord",
    "def-en": "In the context of a list or sequence, to order it according to the values of its elements.",
    "def-ga": "I gcomhthéacs liosta nó sraithe, é a eagrú de réir luach a mball.",

    "prov": {
        "(cuir) in ord": "de-bhaldraithe, dineen, focloir-beag, odonaill",
        "ord": "féach ar an téarma 'rank / ord'"
    },
    "notes": [
        "De réir Fhoclóir Uí Dhuinín, tá an bhrí céanna ag 'ordaigh' -- ach bíonn an leagan sin úsáidte i comhthéacs litríochta amháin. Móide sin, bíonn go leor samplaí den fhrása 'cuir in ord' nó 'in ord' sna foclóirí thuas -- rud a fhágann go bhfuil níos fianaise lena aghaidh sin.",
        "Féach chomh maith ar an téarma 'order / ord'."
    ]
}