{
    "term": "vector",
    "part-of-speech": "ainmfhocal",
    "citation-form": "veicteoir",
    "def-en": "An ordered list of numbers that represents a displacement in space, or a point in space.",
    "def-ga": "Liosta ordaithe uimhreacha a shamhlaíonn pointe i spás, nó aistriú sa spás céanna.",

    "prov": {
        "veicteoir": "de-bhaldraithe, odonaill, storchiste"
    },
    "notes": [
        "Tá an téarma sna foinsí thuas mar théarma matamaitice, agus glactar leis díreach mar atá mar sin."
    ]
}