{
    "term": "deep learning",
    "part-of-speech": "ainmfhocal",
    "citation-form": "foghlaim dhomhain",
    "def-en": "A machine learning approach that uses large neural networks (with many layers).",
    "def-ga": "Cur chuige ríomhfhoghlama a úsáideann líonraí néaracha móra (le an-chuid ciseal iontu).",

    "prov": {
        "foghlaim": "féach ar an téarma 'machine learning / ríomhfhoghlaim'",
        "domhain": "de-bhaldraithe, dineen, focloir-beag, odonaill, storchiste"
    },
    "notes": [
        "Tá 'domhainfhoghlaim' ar Tearma.ie. Bíonn úsáid 'domhain' mar réimír le feiceáil i bhFoclóir Uí Dhónaill in dá théarma ar leith -- 'domhainmhachnamh' agus 'domhainiascaireacht' -- rud a chuireann le fios go bhfuil an úsáid sin inghlactha. Sin ráite, cé go bhfuil an-chuid samplaí d'úsáid an téarma 'domhain' mar aidiacht, níl sé le feiceáil mar réimír ach go hannamh (sa dá fhocal luaite cheana). Meastar go mbeadh 'foghlaim dhomhain' níos léire ó thús deireadh toisc nach mbíonn an cleachtadh ann i nGaeilge réimíreanna a úsáid in ainneoin aidiachtaí ach go hannamh.",
        "Féach chomh maith ar an téarma 'machine learning / ríomhfhoghlaim'."
    ]
}