{
    "term": "error",
    "part-of-speech": "ainmfhocal",
    "citation-form": "tomhas earráide",
    "def-en": "In the context of machine learning, a value that measures how often a machine learning model errs, and how bad those errors are.",
    "def-ga": "I gcomhthéacs ríomhfhoghlama, luach a dhéanann tomhas ar cé chomh minic is a dhéanann samhail ríomhfhoghlama earráid, agus ar cé chomh dona is atá na hearráidí sin.",

    "prov": {
        "earráid": "de-bhaldraithe, dineen, focloir-beag, odonaill"
    },
    "notes": [
        "Ní léir an féidir 'earráid' a úsáid seachas 'tomhas earráide' de réir na bhfoclóirí thuas. Thairis sin, tá 'tomhas earráide' i bhfad níos léire agus níos intuigthe ó thús.",
        "Tá réimse leathan téarmaí eile a bhfuil bríonna comhchosúla acu (.i. botún, dearmad, tuathal, iomrall). Níor úsáideadh 'dearmad' toisc é a bheith bainteach chomh maith leis an gcuimhne, rud nach bhfuil i gceist anseo. Ní luaitear 'botún' ná 'tuathal' i gcomhthéacs eolaíochta na teicniúil. Is cosúil ó Fhoclóir Uí Dhónaill go bhfuil 'iomrall' níos baintí le  heaspa comhsheasmhachta (m.sh. urchar iomrall, iomrall céille, iomrall súil, srl). Thairis sin is uile, luann Foclóir De Bhaldraithe 'earráid' i gcomhthéacs teicniúil .i. i gcúrsaí gnó ('earráidí agus easnaimh eiscthe') agus míleata ('raonearráid'). Glactar leis mar sin."
    ]
}