{
    "term": "graph",
    "part-of-speech": "ainmfhocal",
    "citation-form": "graf",
    "def-en": "A data structure in which data is modelled as nodes and the connections between them.",
    "def-ga": "Struchtúr sonraí ina shamhlaítear sonraí mar nóid agus mar cheangail eatarthu.",

    "prov": {
        "graf": "de-bhaldraithe, focloir-beag*, odonaill"
    },
    "notes": [
        "* Cé go bhfuil 'graf' istigh sa bhFoclóir Beag, is i gcomhthéacs graif líne amháin a luaitear é.",
        "Focal díreach ar fáil ó na foclóirí thuas."
    ]
}