{
    "term": "loss function",
    "part-of-speech": "ainmfhocal",
    "citation-form": "feidhm phionóis",
    "def-en": "In the context of a machine learning model, a function that calculates the loss value of that model on some set of data points.",
    "def-ga": "I gcomhthéacs samhla ríomhfhoghlama, feidhm a dhéanann luach an phionóis a áireamh don tsamhail sin ar thacar sonraí éigin.",

    "prov": {
        "feidhm": "féach ar an téarma 'function / feidhm'",
        "pionós": "féach ar an téarma 'loss / pionós'"
    },
    "notes": [
        "Féach ar an téarma 'function / feidhm'.",
        "Féach ar an téarma 'loss / pionós'."
    ]
}