{
    "term": "rank",
    "part-of-speech": "ainmfhocal",
    "citation-form": "ord",
    "def-en": "Regarding a value in a sorted list, the index at which that value is located.",
    "def-ga": "Ag trácht ar luach i liosta sórtáilte, an t-innéacs sa liosta sin ag bhfuil an luach.",

    "prov": {
        "ord": "de-bhaldraithe, dineen, focloir-beag, odonaill"
    },
    "notes": [
        "Téarma díreach ar fáil le brí chomhchosúil.",
        "An chúis nár úsáideadh 'rang' ná go bhfuil 'rangú' aistrithe (ar Tearma.ie) chomh maith mar “classification”, agus 'rang' mar 'rank' nó mar 'class'. Sa tasc réamhinsinte nasc is é an tasc atá ann ná roinnt mhór roghanna a chur in ord de réir scór inchreidteachta. Is mar sin a mheastar go bhfuil “ord” (agus 'cuir in ord') níos fearr sa gcás seo, cé go bhfuil ciall le 'rang' mar aistriúchán chomh maith."
    ]
}