{
    "term": "representative",
    "part-of-speech": "aidiacht",
    "citation-form": "ionadaíochta",
    "def-en": "In the context of a subset of a dataset, able to used in place of the whole dataset because it contains the same patterns. In the context of machine learning models, able to provide a general summary of the patterns in the dataset on which it was trained..",
    "def-ga": "I gcomhthéacs fo-thacar de thacar sonraí, in-úsáidte mar ionadaí ar an tacar sonraí iomlán toisc na patrúin chéanna a bheith ann. I gcomhthéacs samhlacha ríomhfhoghlama, in ann achoimre leathan a dhéanamh ar phatrúin i dtacar sonraí ar a raibh sé traenáilte.",

    "prov": {
        "ionadaíocht": "de-bhaldraithe, focloir-beag, odonaill"
    },
    "notes": [
        "Téarma ar fáil le brí chomhchosúil. I bhFoclóir Uí Dhónaill agus Uí Mhaoileoin, déantar trácht ar an téarma seo i gcomhthéacs daoine / polaitíocht (.i. ionadaí poiblí) amháin.",
        "Déanann 'ionadaíocht' trácht ar rud atá úsáidte in ionad ruda eile. Sin go díreach a bhfuil i gceist leis an téarma seo: má tá fo-thacar sonraí ionadaíochta ann, is féidir an fo-thacar sin a úsáid in ionad an tacair mhór as a tháinig sé."
    ]
}