{
    "term": "sigmoid function",
    "part-of-speech": "aidiacht",
    "citation-form": "feidhm shiogmóideach",
    "def-en": "The function $sigma(x) = 1 / (1 + e^(-x))$ (which has a shape similar to the letter s when plotted).",
    "def-ga": "An fheidhm $siogma(x) = 1 / (1 + e^(-x))$ (a bhfuil cruth cosúil leis an litir 's' air agus é breactha).",

    "prov": {
        "feidhm": "féach ar an téarma 'function / feidhm'",
        "siogma": "odonaill",
        "-óideach": "odonaill"
    },
    "notes": [
        "Níl an focal 'siogmóideach' ann i bhfoclóir ar bith atá á úsáid agam, ach is féidir an téarma a chruthú i nGaeilge mar a rinneadh i mBéarla as an litir Gréigise (siogma) agus an iarmhír '-óideach'."
    ]
}