{
    "term": "simulation",
    "part-of-speech": "ainmfhocal",
    "citation-form": "insamhladh",
    "def-en": "The use of a machine learning mode (or other computational tools) to model a complex process in a simpler form.",
    "def-ga": "Úsáid shamhla ríomhfhoghlama (nó uirlisí ríomhaireachta eile) chun próiseas casta a shamhlú i bhfoirm níos simplí.",

    "prov": {
        "insamhail": "odonaill"
    },
    "notes": [
        "Níl focal ar bith iomlán foirfe don téarma seo sna foclóirí atá á n-úsáid. Cé is moite de sin, tá brí chomhchosúil (nach mór) ag 'insamhail', agus tá an-bhuntáiste aige sin go bhfuil sé cosúil leis an bhfocal 'samhail', atá in úsáid chomh maith sa tráchtas seo. Roghnaíodh mar sin é.",
        "Is é ionsamhail atá ar Focloir.ie, ach is é 'insamhail' atá i bhFoclóir Uí Dhónaill. Mar is iondúil sa saothar seo, tugtar aird d'Fhoclóir Uí Dhónaill amháin sa gcás seo."
    ]
}