{
    "term": "to weight",
    "part-of-speech": "briathar",
    "citation-form": "ualaigh",
    "def-en": "In the context of machine learning or mathematics, to apply a numerical weight to an expression or value.",
    "def-ga": "I gcomhthéacs ríomhfhoghlama nó matamaiticiúil, ualach a chur le slonn nó le luach.",

    "prov": {
        "ualaigh": "de-bhaldraithe, odonaill, storchiste"
    },
    "notes": [
        "Luann Stórchiste agus Foclóir Uí Dhónaill 'ualaigh' mar théarma staitistiúil. (Is sa téarma 'meán ualaithe' a fheictear an téarma seo i Stórchiste.)",
        "Féach chomh maith ar an téarma 'weight / ualach'.",
        "Athrú ó leagan v1.1 alfa -- bhí téarma mícheart ('uimhir ualaigh a chur le') sa bhFoclóir Tráchtais. Rinneadh é sin a athrú toisc fianaise ó Stórchiste agus ó Fhoclóir Uí Dhónaill."
    ]
}