{
    "term": "antecedent",
    "part-of-speech": "ainmfhocal",
    "citation-form": "réamhthéarma",
    "def-en": "In the context of a logical rule A -> B, the term A that is the beginning of the rule.",
    "def-ga": "I gcomhthéacs rialach loighce A -> B, an téarma A atá mar thús ag an riail.",

    "prov": {
        "réamhthéarma": "de-bhaldraithe, odonaill"
    },
    "notes": [
        "Téarma díreach ar fáil mar théarma loighce agus matamaitice ó Fhoclóir De Bhaldraithe agus ó Fhoclóir Uí Dhónaill."
    ]
}