{
    "term": "atomic",
    "part-of-speech": "aidiacht",
    "citation-form": "adamhach",
    "def-en": "Unable to be broken down further to arrive at a more basic unit.",
    "def-ga": "Gan a bheith in ann a bheith briste síos a thuilleadh chun teacht ar aonad níos bunúsaí.",

    "prov": {
        "adamhach": "de-bhaldraithe, focloir-beag, odonaill"
    },
    "notes": [
        "Tagann an téarma seo as an bhfocal 'atom / adamh' sa gceimic. Sin ráite, meastar go bhfuil brí an fhocail 'adamhach' sa gceimic cosúil go leor leis an mbrí atá i gceist anseo."
    ]
}