{
    "term": "attention head",
    "part-of-speech": "ainmfhocal",
    "citation-form": "ceann airde",
    "def-en": "In the context of a transformer (or other attention block), a part of the block in which data can be input.",
    "def-ga": "I gcomhthéacs trasfhoirmeora (nó modúl airde eile), cuid den mhodúl inar féidir sonraí ionchuir a chur isteach.",

    "prov": {
        "ceann": "de-bhaldraithe, dineen, focloir-beag, odonaill",
        "aird": "féach ar an téarma 'attention / aird'"
    },
    "notes": [
        "Roghnaíodh 'ceann' ní toisc gur leagan Gaeilge den fhocal 'head' é, ach toisc go bhfuil an bhrí 'end, extremity' luaite leis chomh maith (féach ar Fhoclóir Uí Dhónaill). Sin go díreach a bhfuil i gceist le 'attention head' -- is é an 'extremity' den mhodúl airde ina gcuirtear sonraí ann mar ionchur. Meastar, mar sin, go bhfuil úsáid an fhocail 'ceann' cuí chun '(attention) head' a chur in iúl.",
        "Féach chomh maith ar an téarma 'attention / aird'."
    ]
}