{
    "term": "attention layer",
    "part-of-speech": "ainmfhocal",
    "citation-form": "ciseal airde",
    "def-en": "In the context of machine learning, a layer in a neural network that implements attention.",
    "def-ga": "I gcomhthéacs ríomhfhoghlama, ciseal i líonra néarach a chuireann oibriú airde i gcrích.",

    "prov": {
        "ciseal": "féach ar an téarma 'layer / ciseal'",
        "aird": "féach ar an téarma 'attention / aird'"
    },
    "notes": [
        "Féach ar an téarma 'layer / ciseal'.",
        "Féach chomh maith ar an téarma 'attention / aird'."
    ]
}