{
    "term": "baseline model",
    "part-of-speech": "ainmfhocal",
    "citation-form": "samhail bhunlíne",
    "def-en": "In the context of machine learning, a (standard) model that is used to compare to other (new) models to evaluate them.",
    "def-ga": "I gcomhthéacs ríomhfhoghlama, samhail (chaighdeánach) a úsáidtear chun comparáid a dhéanamh le samhlacha (nua) eile agus iad á meas.",

    "prov": {
        "samhail": "féach ar an téarma 'model / samhail'",
        "bunlíne": "de-bhaldraithe, odonaill"
    },
    "notes": [
        "Cé go bhfuil an téarma 'baseline' -> 'bunlíne' ar fáil i bhFoclóir De Bhaldraithe agus i bhFoclóir Uí Dhónaill, ní luann siad comhthéacs áirithe ar bith leis. Sin ráite, ní bheadh téarma eile (m.sh. bun-samhail) cuí don úsáid seo toisc nach ionann bun-samhail agus samhail bhunlíne i gcónaí. Mar shampla, d'fhéadfadh trácht a dhéanamh ar shean-shamhail (m.sh. TransE) ar bhunlíne ar shamhail nua (m.sh. TransH nó TransR) a bhí bunaithe air. Ach ní hionann sin is go mbeadh TransE úsáidte mar shamhail bhunlíne sa taighde sin -- cé gur dócha sin, níl sé sin cinnte. Is dá bharr sin gur léire 'samhail bhunlíne' mar théarma. Glactar le úsáid 'bunlíne' seachas 'bun-' mar sin.",
        "Sin ráite, níl locht ar bith ar úsáid 'bun-samhail' chun 'baseline model' a chur in iúl má tá comhthéacs léir leis."
    ]
}