{
    "term": "Closed World Assumption",
    "part-of-speech": "ainmfhocal",
    "citation-form": "Foshuíomh an Domhain Dhúnta",
    "def-en": "In the context of knowledge graphs, the assumption that says that all facts in the domain of the knowledge graph are already in it.",
    "def-ga": "I gcomhthéacs graf eolais, an foshuíomh a deir go bhfuil gach uile fhíric i réimse graif eolais sa ngraf cheana.",

    "prov": {
        "foshuíomh": "féach ar an téarma 'assumption / foshuíomh'",
        "domhan": "féach ar an téarma 'world / domhan'",
        "dún": "de-bhaldraithe, dineen, focloir-beag, odonaill"
    },
    "notes": [
        "Is é 'dúnadh' seachas 'dún' atá i bhFoclóir Uí Dhuinín agus Uí Mhaoileoin.",
        "Féach chomh maith ar an téarma 'assumption / foshuíomh'.",
        "Féach chomh maith ar an téarma 'Open World Assumption / Foshuíomh an Domhain Oscailte'.",
        "Féach chomh maith ar an téarma 'world / domhan'."
    ]
}