{
    "term": "connectivity",
    "part-of-speech": "ainmfhocal",
    "citation-form": "(frása le 'ceangailte')",
    "def-en": "How connected one part of a knowledge graph (i.e. a node or edge) is with other parts of the same graph.",
    "def-ga": "Cé chomh ceangailte is atá cuid de ghraf eolais (.i. nód nó ceangal) le codanna eile den ghraf céanna.",

    "prov": {
        "ceangailte": "de-bhaldraithe, dineen, focloir-beag, odonaill"
    },
    "notes": [
        "Níl téarma dó seo ar fáil go díreach ó Fhoclóir Uí Dhónaill, De Bhaldraithe, Uí Dhónaill agus Uí Maoileoin, ná Uí Dhuinín. Cé go bhfuil dlús ann (mar 'density' i gcomhthéacs eolaíochta), is iomaí saghsanna dlúis atá ann i ngraf eolais, agus níl 'connectivity' ach ar cheann amháin acu sin. Fágtar gan téarma ar leith ina chomhair seo mar sin. Moltar frása leis an téarma 'ceangailte' a úsáid.",
        "Samplaí: Cé chomh ceangailte is atá rud, nód atá an-cheangailte le nóid eile, srl."
    ]
}