{
    "term": "decision boundary",
    "part-of-speech": "ainmfhocal",
    "citation-form": "teorainn chinnidh",
    "def-en": "In the context of classification, a curve that separates two or more classes from each other. In the context of machine learning more generally, a curve that separates two (or more) sorts of predictions from each other.",
    "def-ga": "I gcomhthéacs aicmithe, cuar a scarann dhá aicme nó níos mó óna chéile. I gcomhthéacs ríomhfhoghlama níos leithne, cuar a scarann dhá shórt réamhinsint (nó níos mó) óna chéile.",

    "prov": {
        "teorainn": "de-bhaldraithe, dineen, focloir-beag, odonaill",
        "cinneadh": "de-bhaldraithe, dineen, focloir-beag, odonaill"
    },
    "notes": [
        "Is é 'teora' seachas 'teorainn' atá i bhFoclóir Uí Dhuinín.",
        "Ní luaitear ceachtar den dá théarma thuas i gcomhthéacs ríomhfhoghlama. Sin ráite, is fíor gur sórt teorann í an teorainn chinnidh -- ach is teorainn idir dhá chinneadh, seachas idir dhá thír, atá i gceist. De réir a bhfuil le feiceáil i bhFoclóir Uí Dhónaill, is féidir 'teorainn' a úsáid i gcomhthéacseanna leithne -- agus glactar leis an úsáid seo de 'teorainn' mar sin."
    ]
}