{
    "term": "dimension",
    "part-of-speech": "ainmfhocal",
    "citation-form": "toise",
    "def-en": "Regarding a vector space, the number of elements contained in each vector in that space; or, one axis of that space.",
    "def-ga": "Ag trácht ar spás veicteora, líon na n-uimhreacha atá i ngach uile veicteoir sa spás céanna; nó, ais amháin den spás sin.",

    "prov": {
        "toise": "de-bhaldraithe, dineen*, focloir-beag*, odonaill, storchiste"
    },
    "notes": [
        "* Is mar sórt tomhais a fheictear an téarma sna foclóirí seo (seachas mar théarma a dhéanann cur síos ar ais i spás veicteora).",
        "I bhFoclóir Uí Dhónaill agus i Stórchiste, luaitear 'toise' mar théarma matamaitice."
    ]
}