{
    "term": "grid search",
    "part-of-speech": "ainmfhocal",
    "citation-form": "cuardach ar eangach",
    "def-en": "In the context of a hyperparameter search, a search that is done on a grid of hyperparameters and in which every possible combination of hyperparameters is evaluated.",
    "def-ga": "I gcomhthéacs cuardaithe hipear-pharaiméadar, cuardach a dhéantar ar eangach hipear-pharaiméadar agus ina mbíonn gach uile theaglaim hipear-pharaiméadar measúnaithe.",

    "prov": {
        "cuardach": "féach ar an téarma 'hyperparameter search / cuardach hipear-pharaiméadar'",
        "eangach": "de-bhaldraithe, odonaill"
    },
    "notes": [
        "Cé go bhfuil an focal 'eangach' i bhFoclóir Uí Dhónaill agus Uí Mhaoileoin agus i bhFoclóir Uí Dhuinín, is le brí neamhchosúil atá sé luaite iontu.",
        "Is é 'cuardach ar eangach' a roghnaíodh, seachas 'cuardach eangaí', toisc nach í an eangach atá á cuardach, ach an teaglaim hipear-pharaiméadar is fearr dá bhfuil inti.",
        "Féach chomh maith ar an téarma 'hyperparameter search / cuardach hipear-pharaiméadar'."
    ]
}