{
    "term": "hyper-graph",
    "part-of-speech": "ainmfhocal",
    "citation-form": "hipear-ghraf",
    "def-en": "In the context of graphs, a graph in which edges can connect 3+ nodes at once, instead of only two nodes.",
    "def-ga": "I gcomhthéacs graf, graf inar féidir le ceangail 3+ nód a cheangal san am céanna, seachas dhá nód amháin.",

    "prov": {
        "hipear-": "odonaill",
        "graf": "féach ar an téarma 'graph / graf'"
    },
    "notes": [
        "Téarma cruthaithe go díreach as na fréamhacha thuas.",
        "Féach chomh maith ar an téarma 'graph / graf'."
    ]
}