{
    "term": "mean (statistic)",
    "part-of-speech": "ainmfhocal",
    "citation-form": "meán",
    "def-en": "In the context of a list of numbers $L$ with $n$ elements, the value $sum(L) / n$. The mean is used as a measure of the center of the list of numbers.",
    "def-ga": "I gcomhthéacs liosta uimhreacha $L$ ina bhfuil $n$ ball ann, an luach $suim(L) / n$. Úsáidtear an meán mar thomhas ar lár na n-uimhreacha.",

    "prov": {
        "meán": "de-bhaldraithe, focloir-beag, odonaill, storchiste"
    },
    "notes": [
        "Téarma díreach ar fáil ó na foclóirí thuas."
    ]
}