{
    "term": "message passing",
    "part-of-speech": "ainmfhocal",
    "citation-form": "seachadadh teachtaireachtaí",
    "def-en": "In the context of machine learning, the process relating to sharing information between embeddings in a neural network.",
    "def-ga": "I gcomhthéacs ríomhfhoghlama, an próiseas a bhaineann le sonraí a roinnt idir leabuithe i líonra néarach.",

    "prov": {
        "seachadadh": "de-bhaldraithe, dineen, focloir-beag, odonaill",
        "teachtaireacht": "de-bhaldraithe, dineen, focloir-beag, odonaill"
    },
    "notes": [
        "Tá 'seachadadh' agus 'teachtaireacht' le fáil go díreach ó na foclóirí thuas i gcomhthéacs comhchosúil.",
        "Nuair a dhéantar trácht ar 'message passing', is níos mó na teachtaireacht amháin a bhíonn i gceist beagnach i gcónaí. Cuireadh 'teachtaireacht' san uimhir iolra mar sin.",
        "Bheadh ciall le 'seoladh' seachas 'seachadadh' chomh maith. Sin ráite, níl locht ar bith ar 'seachadadh', agus is é sin atá ar Téarma.ie. Roghnaítear le go luífeadh an téarma seo lena bhfuil ar Téarma.ie."
    ]
}