{
    "term": "neural network (NN)",
    "part-of-speech": "ainmfhocal",
    "citation-form": "líonra néarach (LN)",
    "def-en": "An approach to, and structure of, machine learning based on artificial neurons.",
    "def-ga": "Cur chuige agus struchtúr ríomhfhoghlama bunaithe ar úsáid néaróg saorga.",

    "prov": {
        "líonra": "féach ar an téarma 'network / líonra'",
        "néarach": "féach ar an téarma 'neural / néarach'"
    },
    "notes": [
        "Féach chomh maith ar an téarma 'network / líonra'.",
        "Féach chomh maith ar an téarma 'neural / néarach'."
    ]
}