{
    "term": "outlier",
    "part-of-speech": "ainmfhocal",
    "citation-form": "asluiteach",
    "def-en": "In the context of statistics, a value that is very far from all other values, and that does not follow their pattern.",
    "def-ga": "I gcomhthéacs staitistice, luach atá i bhfad amach ó luacha eile agus nach leanann a bpatrún.",

    "prov": {
        "asluiteach": "storchiste"
    },
    "notes": [
        "Téarma díreach ar fáil mar théarma matamaitice i Stórchiste."
    ]
}