{
    "term": "probability",
    "part-of-speech": "ainmfhocal",
    "citation-form": "dóchúlacht",
    "def-en": "The chance that a random event will occur.",
    "def-ga": "An seans go dtarlóidh teagmhas randamach.",

    "prov": {
        "dóchúlacht": "de-bhaldraithe, dineen*, focloir-beag, odonaill, storchiste"
    },
    "notes": [
        "* Sé 'dóigheamhlacht' a fheictear i bhFoclóir Uí Dhuinín, ach meastar gurb in litriú eile ar an bhfocal céanna.",
        "Seachas sin, tá an téarma seo ar fáil go díreach ó na foclóirí thuas."
    ]
}