{
    "term": "qualitative",
    "part-of-speech": "aidiacht",
    "citation-form": "cineálach",
    "def-en": "In the context of data, based on unquantifiable or unquantified traits or information.",
    "def-ga": "I gcomhthéacs sonraí, bunaithe ar fhaisnéis nó ar ghnéithe atá do-chainníochtaithe nó nach bhfuil cainníochtaithe.",

    "prov": {
        "cineálach": "de-bhaldraithe, odonaill"
    },
    "notes": [
        "Téarma díreach ar fáil leis an mbrí cheannann chéanna."
    ]
}