{
    "term": "ranking",
    "part-of-speech": "ainmfhocal",
    "citation-form": "rangú",
    "def-en": "In the context of a list, the process of assigning a rank to each element in it.",
    "def-ga": "I gcomhthéacs liosta, an próiseas a bhaineann le rang a thabhairt do gach uile bhall ann.",

    "prov": {
        "rangú": "féach ar an téarma 'to rank / rangaigh'"
    },
    "notes": [
        "Téarma cruthaithe go díreach as an bhfocal 'rangaigh'.",
        "Féach ar an téarma 'to rank / rangaigh'.",
        "Féach chomh maith ar an téarma 'rank / rang'."
    ]
}