{
    "term": "ranked list",
    "part-of-speech": "ainmfhocal",
    "citation-form": "liosta ranganna",
    "def-en": "In the context the of evaluation of link predictors, a list composed of all ranks assigned to each link prediction query during the evaluation process.",
    "def-ga": "I gcomhthéacs measúnú a dhéantar ar réamhinsteoirí nasc, liosta a dhéantar as na ranganna ar fad ar tugadh do gach uile cheist réamhinsinte nasc le linn measúnaithe.",

    "prov": {
        "liosta": "de-bhaldraithe, dineen, focloir-beag, odonaill",
        "rang": "féach ar an téarma 'rank / rang'"
    },
    "notes": [
        "Ní ghlactar le 'liosta rangaithe', ach le 'liosta ranganna' toisc gurb é 'liosta ranganna' atá i gceist i ndáiríre. Bheadh 'liosta rangaithe' níos litriúil cinnte -- ach tugann sé sin le fios go bhfuil rangú déanta ar an liosta, seachas gur liosta é ina bhfuil na ranganna iad féin. I mBéarla  bheadh 'list of ranks' níos doiléire ná 'ranked list' -- ach ní fheictear cúis ar bith le creidiúint go mbeadh 'liosta ranganna' níos doiléire ná 'liosta rangaithe' i nGaeilge -- ach a mhalairt.",
        "Féach chomh maith ar an téarma 'rank / rang'."
    ]
}