{
    "term": "scatter plot (or diagram)",
    "part-of-speech": "ainmfhocal",
    "citation-form": "scaipléaráid",
    "def-en": "A diagram that shows points in two dimensions, with an X and a Y axis.",
    "def-ga": "Léaráid a léiríonn pointí i ndá thoise, le hais X agus Y.",

    "prov": {
        "scaipléaráid": "storchiste",
        "scaip": "de-bhaldraithe, dineen, focloir-beag, odonaill, storchiste",
        "léaráid": "de-bhaldraithe, focloir-beag, odonaill"
    },
    "notes": [
        "Tá an téarma 'scaipléaráid' go díreach le fáil i Stórchiste mar 'scatter diagram' i gcomhthéacs matamaitice. Glactar leis sin mar sin.",
        "Luann roinnt foclóirí thuas an téarma 'léaráid' mar fhocal ar 'diagram' i gcomhthéacs comhchosúil, ach ní luann siad 'scaipléaráid'.",
        "Luann roinnt foclóirí thuas an téarma 'scaip' mar fhocal ar 'to scatter', ach ní luann siad 'scaipléaráid', ní ná luann siad 'scaip' mar réimír."
    ]
}