{
    "term": "social network",
    "part-of-speech": "ainmfhocal",
    "citation-form": "líonra cairdis",
    "def-en": "A graph or knowledge graph in which nodes represent people, and edges represent the relations / connections the people have with each other.",
    "def-ga": "Graf nó graf eolais ina gcuireann nóid daoine in iúl, agus ina mbíonn ceangail ann a léiríonn cén gaol / baint atá ag daoine lena chéile.",

    "prov": {
        "líonra": "féach ar an téarma 'network / líonra'",
        "cairdeas": "de-bhaldraithe, dineen, focloir-beag, odonaill"
    },
    "notes": [
        "Tá an dá fhocal (líonra agus cairdeas) díreach ar fáil ó na foclóirí thuas le brí chomhchosúil.",
        "Tá roinnt roghanna eile ann (m.sh. líonra gaolta). Cé go bhfuil brí níos leithne aige sin (ní hionann gaol agus gaol clainne amháin), is mar líonra cairdis i ndáiríre a bhíonn i mórchuid na 'social networks'. Thairis sin, is as líonra cairdis ar líne (m.sh. ar Facebook) a tháinig an téarma seo i dtosach.",
        "Níor cheart 'líonra sóisialta' a úsáid -- tagann sé sin díreach as an mBéarla gan tuiscint gur ionann 'sóisialta' agus rud a bhaineann le sochaí nó le cumas / tuiscint sóisialta na ndaoine.",
        "Féach chomh maith ar an téarma 'network / líonra.'"
    ]
}