{
    "term": "state of the art (the literature)",
    "part-of-speech": "ainmfhocal",
    "citation-form": "litríocht an réimse",
    "def-en": "All of the literature available in the state of the art.",
    "def-ga": "An litríocht ar fad atá ar fáil i staid an réimse.",

    "prov": {
        "litríocht": "de-bhaldraithe, focloir-beag, odonaill",
        "réimse": "de-bhaldraithe, focloir-beag, odonaill"
    },
    "notes": [
        "Cé gur minic a úsáidtear an focal 'litríocht' chun cur síos a dhéanamh ar staidéar ar an litríocht, is léir ó Fhoclóir Uí Dhónaill agus Uí Mhaoileoin gur féidir 'litríocht' a úsáid chun trácht ar na saothair litríochta iad féin chomh maith.",
        "Is féidir an focal 'litríocht' a úsáid ina aonar chomh maith nuair atá a bhfuil i gceist léir ón gcomhthéacs.",
        "Féach chomh maith ar an téarma 'state of the art (best) / scoth an réimse'.",
        "Féach chomh maith ar an téarma 'state of the art (current) / scoth an réimse'."
    ]
}