{
    "term": "support vector machine (SVM)",
    "part-of-speech": "ainmfhocal",
    "citation-form": "samhail (bunaithe ar) veicteoirí tacaíochta (SVT)",
    "def-en": "Any one model of the family of machine learning models that are based on the use of support vectors to improve machine learning performance.",
    "def-ga": "Samhail ar bith den ghrúpa samhlacha ríomhfhoghlama atá bunaithe ar úsáid veicteoirí tacaíochta chun éifeachtach ríomhfhoghlama a chur chun cinn.",

    "prov": {
        "samhail": "féach ar an téarma 'model / samhail'",
        "veicteoir tacaíochta": "féach ar an téarma 'support vector / veicteoir tacaíochta'"
    },
    "notes": [
        "Cuirtear 'veicteoir tacaíochta' sa tuiseal ginideach iolra toisc go n-úsáidtear níos mó ná veicteoir tacaíochta amháin i gcónaí agus samhail veicteoirí tacaíochta á úsáid.",
        "Úsáidtear 'samhail' anseo seachas a leithéid de 'meaisín' toisc gurb in, go bunúsach, a bhfuil i gceist. Is samhlacha ríomhfhoghlama iad 'support vector machines' agus ní mheastar go bhfuil cúis ar bith focal mar 'meaisín' a úsáid nuair atá an focal Gaeilge 'samhail' iomlán cuí chun an bhrí ríomheolaíochta atá de dhíth a chur in iúl.",
        "Is minic agus an téarma seo úsáidte san uimhir iolra (.i. 'support vector machines'). Is é an leagan iolra ceart ná 'samhlacha (bunaithe ar) veicteoirí tacaíochta'.",
        "Tá idir 'samhail veicteoirí tacaíochta' agus 'samhail bunaithe ar veicteoirí tacaíochta' iomlán ceart. Sin ráite, is dócha gur léire an dara ceann acu den chuid is mó, toisc go léiríonn sé cén baint atá ann idir an tsamhail agus na veicteoirí tacaíochta.",
        "Féach chomh maith ar an téarma 'support vector / veicteoir tacaíochta'."
    ]
}