{
    "term": "to attend to",
    "part-of-speech": "ainmfhocal",
    "citation-form": "aird a thabhairt ar",
    "def-en": "In the context of an attention mechanism in a neural network, to focus on some parts of the input based on the attention mechanism.",
    "def-ga": "I gcomhthéacs oibrithe airde i líonra néarach, díriú ar chodanna ar leith den ionchur de réir an oibrithe airde.",

    "prov": {
        "aird": "féach ar an téarma 'attention / aird'",
        "aird a thabhairt ar": "de-bhaldraithe, focloir-beag, odonaill"
    },
    "notes": [
        "Féach ar an téarma 'attention / aird'."
    ]
}