{
    "term": "to estimate (about)",
    "part-of-speech": "ainmfhocal",
    "citation-form": "meastachán a dhéanamh (ar)",
    "def-en": "To estimate a value.",
    "def-ga": "Luach a mheas.",

    "prov": {
        "meastachán": "féach ar an téarma 'estimate / meastachán'"
    },
    "notes": [
        "Tá an téarma seo comhchiallach leis an téarma 'to approximate / meastachán a dhéanamh (ar)' sa gcomhthéacs matamaitice / ríomheolaíochta atá i gceist anseo.",
        "Féach ar an téarma 'to approximate / meastachán a dhéanamh (ar)'.",
        "Féach ar an téarma 'estimate / meastachán'."
    ]
}