{
    "term": "to predict",
    "part-of-speech": "briathar",
    "citation-form": "réamhinis",
    "def-en": "In the context of computer science, to estimate the value of some data point.",
    "def-ga": "I gcomhthéacs ríomhfhoghlama, meastachán a dhéanamh ar luach sonra éigin.",

    "prov": {
        "réamhinis": "de-bhaldraithe, odonaill"
    },
    "notes": [
        "Téarma díreach ar fáil le brí chomhchosúil.",
        "Nuair a bhíonn rud á réamhinsint, bíonn samhail ríomhfhoghlama ag iarradh teacht ar an sonra ceart gan ar eolas aici ach sonraí eile (.i. na sonraí traenála). Ní mór di an luach ceart a fháil gan é a fheiceáil -- sin le rá, a insint cén luach atá ann sula bhfeiceann sí é. Cé nach ionann é sin agus sonraí ón todhchaí a réamhinsint, is sórt réamhinsinte fós é."
    ]
}