{
    "term": "to regularise",
    "part-of-speech": "briathar",
    "citation-form": "tabhair chun rialtachta",
    "def-en": "In the context of a machine learning mode, to reduce overfitting by restricting the size of parameter values in some way.",
    "def-ga": "I gcomhthéacs samhla ríomhfhoghlama, ró-fhoghlaim a laghdú trí mhéid luach na bparaiméadar a shrianadh i caoi éigin.",

    "prov": {
        "tabhair chun rialtachta": "de-bhaldraithe, odonaill"
    },
    "notes": [
        "Frása iomlán ar fáil ó na foclóirí thuas i gcomhthéacs ginearálta.",
        "Is é 'tabhair chun rialtachta' a úsáidtear toisc gurb é an 'rialtacht' atá ann ná laghdú ar cé chomh mór agus is féidir le luach na bparaiméadar a bheith."
    ]
}