{
    "term": "to score",
    "part-of-speech": "briathar",
    "citation-form": "scóráil",
    "def-en": "To give a score to something (such as a machine learning model).",
    "def-ga": "Scór a thabhairt do rud (m.sh. samhail ríomhfhoghlama).",

    "prov": {
        "scóráil": "odonaill"
    },
    "notes": [
        "I gcomhthéacs cluichí a fheictear 'scóráil' úsáidte i bhFoclóir Uí Dhónaill, seachas i gcomhthéacs ríomhaireachta. Sin ráite tá an bhrí chéanna leis an bhfocal 'scór' sa gcomhthéacs sin.",
        "Féach chomh maith ar an téarma 'score / scór'."
    ]
}