{
    "term": "transformer",
    "part-of-speech": "ainmfhocal",
    "citation-form": "trasfhoirmeoir",
    "def-en": "In the context of machine learning, a specific neural architecture that uses layered attention.",
    "def-ga": "I gcomhthéacs ríomhfhoghlama, dearadh néarach áirithe a úsáideann sraith chisil airde le chéile.",

    "prov": {
        "trasfhoirmigh": "féach ar an téarma 'to transform / trasfhoirmigh'",
        "-eoir": "de-bhaldraithe, dineen, focloir-beag, odonaill, storchiste"
    },
    "notes": [
        "Níl an téarma 'trasfhoirmeoir' luaite i bhFoclóir ar bith, ach is féidir é a chruthú go díreach as an bhfréamh 'trasfhoirmigh' agus as an iarmhír '-eoir'.",
        "Níl iontráil ar leith den iarmhír '-eoir' sna foclóirí thuas, ach luann siad uilig go leor focal a úsáideann í díreach mar a úsáidtear anseo.",
        "Féach chomh maith ar an téarma 'to transform / trasfhoirmigh'."
    ]
}