{
    "term": "variance",
    "part-of-speech": "ainmfhocal",
    "citation-form": "athraitheas",
    "def-en": "In the context of mathematics, a measure of how much the values in a dataset vary. Variance is the square of standard deviation.",
    "def-ga": "I gcomhthéacs matamaitice, tomhas ar cé chomh héagsúil is atá luachanna i sraith sonraí. Is ionann athraitheas agus diall caighdeánach cearnaithe.",

    "prov": {
        "athraitheas": "storchiste"
    },
    "notes": [
        "Téarma díreach ar fáil leis an mbrí cheannann chéanna i gcomhthéacs matamaitice."
    ]
}