{
    "term": "world",
    "part-of-speech": "ainmfhocal",
    "citation-form": "domhan",
    "def-en": "In the context of mathematics, a massive, global set in which all objects belonging to a given domain exist.",
    "def-ga": "I gcomhthéacs matamaitice, tacar formhór uilíoch ina bhfuil gach uile réad a bhaineann le réimse éigin ann.",

    "prov": {
        "domhan": "de-bhaldraithe, dineen, focloir-beag, odonaill"
    },
    "notes": [
        "I mBéarla, úsáidtear 'world' chun trácht ar 'the world of all possible facts / things / etc' -- sin le rá, chun trácht ar chuile fhíric / rud atá ann (i réimse éigin). Ní luaitear an bhrí seo go minic le 'domhain' i nGaeilge, ach tá brí chosúil go leor leis le feiceáil i bhFoclóir Uí Dhuinín: 'Slua, eolas, acmhainn, an domhain, vast crowd, knowledge, resources'. Is féidir nach téarma foirfe é seo -- ach ní léir go mbeadh téarma comhchiallach eile (m.sh. cruinne) níos fearr. Glactar leis mar sin."
    ]
}