{
    "term": "0-shot",
    "part-of-speech": "ainmfhocal",
    "citation-form": "0-sonra",
    "def-en": "A finetuning protocol in which a pretrained model is directly tested on a new dataset without any finetuning.",
    "def-ga": "Cur chuige mion-fheabsaithe ina dteisteáiltear samhail réamh-thraenáilte ar thacar sonraí nua gan mion-fheabsú ar bith.",

    "prov": {
        "sonra": "féach ar an téarma 'database / bunachar sonraí'"
    },
    "notes": [
        "Féach ar an téarma 'n-shot / n-sonra'."
    ]
}