{
    "term": "alignment",
    "part-of-speech": "ainmfhocal",
    "citation-form": "ailíniú",
    "def-en": "In a mathematical context, how well two measures / quantities relate to each other in general terms.",
    "def-ga": "I gcomhthéacs matamaitice, cé chomh maith is a luíonn dhá thomhas / dhá cháilíocht lena chéile ar leibhéal ginearálta.",

    "prov": {
        "ailíniú": "de-bhaldraithe, odonaill"
    },
    "notes": [
        "Téarma ar fáil i gcomhthéacs comhchosúil sna foclóirí thuas."
    ]
}