{
    "term": "Bayesian",
    "part-of-speech": "aidiacht",
    "citation-form": "Bayes",
    "def-en": "In the context of statistics, based on Bayes' Theorem.",
    "def-ga": "I gcomhthéacs staitistice, bunaithe ar Theoirim Bayes.",

    "prov": {
        "Bayes": "storchiste"
    },
    "notes": [
        "Ní luann Stórchiste 'Bayes' mar leagan de 'Bayesian', ach bíonn sé ann sa téarma 'Bayes Theorem / Teoirim Bayes'. Thairis sin, i gcás gach uile théarma eile a bhfuil ainm duine leis (m.sh. 'sraith Fourier', 'foirmle de Moivre', srl) bíonn sloinne an duine úsáidte gan athrú ar bith air. Is mar sin a moltar Bayes a úsáid ar nós aidiachta chun 'Bayesian' a chur in iúl.",
        "Is é 'Bayesach' atá ar Tearma.ie, ach ní ghlactar leis sin toisc nach bhfaightear fianaise ar bith dó sna foclóirí dúchasacha."
    ]
}