{
    "term": "clustering",
    "part-of-speech": "ainmfhocal",
    "citation-form": "aicmiú ionduchtach",
    "def-en": "In the context of machine learning, the process related to assigning a class to data points when there is no knowledge in advance of what the correct labels are (or even how many there are), such that the learning must be done inductively.",
    "def-ga": "I gcomhthéacs ríomhfhoghlama, an próiseas a bhaineann le pointí sonraí a aicmiú nuair nach bhfuil eolas ar bith céard iad na haicmí cearta (ná ar an méid aicmí fiú) ar fáil roimh ré, sa gcaoi gur gá iad sin a fhoghlaim go hionduchtach.",

    "prov": {
        "aicmigh": "féach ar an téarma 'classification / aicmiú'",
        "ionduchtach": "de-bhaldraithe, odonaill, storchiste"
    },
    "notes": [
        "Luann Stórchiste an téarma 'ionduchtach' i gcomhthéacs matamaitice. Luann na foclóirí eile é i gcomhthéacs níos ginearálta, ach leis an mbrí chéanna.",
        "Is éard is 'clustering' ann mar thasc ríomhfhoghlama ná lipéad aicme a chur le pointí sonraí nach bhfuil lipéad ar bith leo. Tá sé an-cheangailte le aicmiú mar thasc, ach amháin nach bhfuil fios na n-aicmí cearta ar fáil don chóras ríomhfhoghlama roimh ré. Sin le rá, is tasc ionduchtach é. Is as an mbun-choincheap seo a roghnaítear 'aicmiú ionduchtach' mar théarma.",
        "Tá 'braisliú' le feiceáil ar Focloir.ie -- focal a thagann as an bhfréamh 'braisle'. Cé is moite de sin, ní bhíonn an leagan briathair 'braisliú' le feiceáil i bhfoclóir dúchasach ar bith. Ní ghlactar leis mar sin sa gcomhthéacs matamaitice seo.",
        "Féach chomh maith ar an téarma 'classification / aicmiú'."
    ]
}