{
    "term": "edge",
    "part-of-speech": "ainmfhocal",
    "citation-form": "ceangal",
    "def-en": "In the context of graphs or knowledge graphs, an element of a graph that serves to connect two nodes.",
    "def-ga": "I gcomhthéacs graf nó graf eolais, cuid de ghraf a nascann (nó a cheanglaíonn) dhá nód le chéile.",

    "prov": {
        "ceangal": "de-bhaldraithe, dineen, focloir-beag, odonaill"
    },
    "notes": [
        "Is mar thagairt d'fheistiú (le rópa) a úsáidtear an téarma seo den chuid is mó sna foclóirí thus. Sin ráite, is féidir a rá chomh maith go bhfuil dhá nód a bhfuil ceangal eatarthu 'feistithe' lena chéile. Ní mheasann an t-údar gur bac ar bith é sin ar úsáid an fhocail 'ceangal' leis an mbrí nua seo.",
        "Seo an téarma céanna is a úsáidtear chun 'relation(ship)' a chur in iúl, toisc go bhfuil an bhrí chéanna leis i gcomhthéacs graf."
    ]
}