{
    "term": "global maximum",
    "part-of-speech": "ainmfhocal",
    "citation-form": "uasluach uilíoch",
    "def-en": "In the context of optimisation or machine learning, the highest value that can ever be obtained.",
    "def-ga": "I gcomhthéacs feabhsaithe nó ríomhfhoghlama, an luach is airde ar féidir é a fháil riamh.",

    "prov": {
        "uaslauch": "féach ar an téarma 'maximum / uaslauch'",
        "uilíoch": "féach ar an téarma 'global / uilíoch'"
    },
    "notes": [
        "Féach ar an téarma 'maximum / uaslauch'",
        "Féach chomh maith ar an téarma 'global / uilíoch'"
    ]
}