{
    "term": "information content",
    "part-of-speech": "ainmfhocal",
    "citation-form": "lucht faisnéise",
    "def-en": "All of the information contained in a database or dataset as an abstract concept or as an object independent of the way in which the data is stored or modelled.",
    "def-ga": "An t-eolas ar fad atá istigh i mbunachar nó tacar sonraí mar choincheap teibí nó mar réad neamhspleách ón gcaoi ina bhfuil na sonraí stóráilte / samhlaithe.",

    "prov": {
        "lucht": "de-bhaldraithe, dineen, focloir-beag, odonaill",
        "faisnéis": "de-bhaldraithe, dineen, focloir-beag, odonaill"
    },
    "notes": [
        "De réir Fhoclóir Uí Dhónaill, is ionann 'lucht' agus (i measc bríonna eile) ' Content, charge; fill, capacity; cargo, load.' Ina measc sin airítear lucht leictreach agus lucht loinge, rud a léiríonn go bhfuil úsáid leathan go leor aige mar fhocal. Ní fheictear téarma ar bith eile ann a bheadh ní ba oiriúnaí. Glactar le 'lucht' mar sin mar leagan de 'content' an Bhéarla sa gcomhthéacs seo.",
        "Ní hionann lucht faisneise agus ábhar na faisnéise -- is coincheap staitistice é lucht faisnéise."
    ]
}