{
    "term": "instantiation (concept)",
    "part-of-speech": "ainmfhocal",
    "citation-form": "leagan",
    "def-en": "An instance or example of a concept or framework, other than a mathematical / computational object.",
    "def-ga": "Sampla de choincheap nó de chreatlach, nach ionann agus réad matamaiticiúil / ríomhaireachta.",

    "prov": {
        "leagan": "de-bhaldraithe, dineen, focloir-beag, odonaill"
    },
    "notes": [
        "Ní i gcomhthéacs eolaíochta a luaitear an téarma seo, ach is le brí chomhchosúil atá sé luaite.",
        "Más gá a léiriú gur rud coincréiteach atá i gceist le 'leagan', seachas rud teibí, moltar 'coincréiteach' a úsáid, i dtaca le Foclóir Uí Dhónaill agus Foclóir De Bhaldraithe.",
        "Tá an t-aistriúchán céanna luaite i dtéarma eile sa bhfoclóir seo. Sin ráite, tá an bhrí a bhaineann le 'leagan' i nGaeilge leathan go leor le go bhfuil sé in ann seasamh isteach sa dá chás. Beidh sé léir go leor ón gcomhthéacs cén ceann acu atá i gceist.",
        "Is é 'ascú' atá ar Tearma.ie Ní ghlactar leis sin toisc nach bhfuil fiansise dó sna foclóirí dúchasacha. Thairis sin, is cosúil go dtagann sé an an bhfréamh 'ásc' atá luaite i bhFoclóir Uí Dhónaill mar fhocal nach mbíonn úsáid leis ach amháin i gcúpla frása áirithe ar leith. Ní mheastar go bhfuil sé  oiriúnach mar théarma mar sin.",
        "Féach chomh maith ar an téarma 'representation / leagan'."
    ]
}