{
    "term": "interval",
    "part-of-speech": "ainmfhocal",
    "citation-form": "eatramh",
    "def-en": "In the context of mathematics, a specific range of values.",
    "def-ga": "I gcomhthéacs matamaitice, réimse sainmhínithe luacha.",

    "prov": {
        "eatramh": "de-bhaldraithe, focloir-beag, odonaill, storchiste"
    },
    "notes": [
        "Téarma díreach le fáil leis an mbrí cheannann chéanna i gcomhthéacs matamaiticiúil i Stórchiste. Is i gcomhthéacs comhchosúil, ach níos leithne, a luaitear an téarma seo i sna foclóirí eile."
    ]
}