{
    "term": "knowledge graph embedding model (KGEM)",
    "part-of-speech": "ainmfhocal",
    "citation-form": "samhail leabaithe graif eolais (SLGE)",
    "def-en": "A machine learning model whose aim is to embed a knowledge graph.",
    "def-ga": "Samhail ríomhfhoghlama a bhfuil mar aidhm aige graf eolais a leabú.",

    "prov": {
        "leabú": "féach ar an téarma 'embedding / leabú'",
        "graf eolais": "féach ar an téarma 'knowledge graph (KG) / graf eolais (GE)'",
        "samhail": "féach ar an téarma 'model / samhail'"
    },
    "notes": [
        "Fágtar san uimhir uatha an téarma 'leabú' toisc phróiseas an leabaithe a bheith i gceist, seachas líon na leabuithe ar fad.",
        "Fágtar san uimhir uatha an téarma 'graf eolais' toisc nach mbíonn ach graf amháin á leabú ag aon uair amháin / ag aon samhail amháin.",
        "Féach chomh maith ar an téarma 'knowledge graph embedding (KGE) / leabú graif eolais (LGE)'."
    ]
}