{
    "term": "mean rank (MR)",
    "part-of-speech": "ainmfhocal",
    "citation-form": "meán-rang (MR)",
    "def-en": "In the context of a ranked list, the mean of all ranks in it.",
    "def-ga": "I gcomhthéacs liosta ranganna, meán na ranganna ar fad atá istigh ann.",

    "prov": {
        "meán-": "de-bhaldraithe, odonaill, storchiste",
        "rang": "féach ar an téarma 'rank / rang'"
    },
    "notes": [
        "Tá an focal 'meán' i bhFoclóir Uí Dhónaill agus Uí Mhaoileoin, ach ní luaitear mar réimír ann é.",
        "Bheadh ciall le 'rang meánach' chomh maith le meán-rang. in ráite, is é 'meán-' a úsáidtear den chuid is mó i dtéarmaí i bhFoclóir Uí Dhónaill (féach ar 'meán-am' / 'meán-saorchonair'). Ní fheictear samplaí d'úsáid 'meánach' i dtéarmaí eolaíochta / matamaitice ann. Glactar le 'meán-rang' mar sin.",
        "Bíonn 'meánach' aistrithe mar 'mean' agus mar 'median' sna foclóirí thuas -- ach ní luann ach 'mean' le 'meán-' i Stórchiste. Meastar gur léire 'meán-rang' mar sin, chun débhrí a sheachaint.",
        "Féach chomh maith ar an téarma 'rank / rang'",
        "Féach chomh maith ar an téarma 'ranked list / liosta ranganna'."
    ]
}