{
    "term": "model",
    "part-of-speech": "ainmfhocal",
    "citation-form": "samhail",
    "def-en": "In the context of machine learning, a mathematical object that uses a calculus-based approach to solve a machine learning task. In the context of data, the format or structure in which it is contained (ex. in a graph or in a table), as well as precisely how the data is put in it (i.e. the graph's ontology, or the column labels in a table).",
    "def-ga": "I gcomhthéacs ríomhfhoghlama, réad matamaiticiúil a úsáideann cur chuige bunaithe ar calcalas chun tasc ríomhfhoghlama a chur i gcrích. I gcomhthéacs sonraí, an fhormáid agus struchtúr ina bhfuil siad léirithe (m.sh. i ngraf nó i dtábla), agus cé chaoi go sonrach atá na sonraí curtha ann (.i. ointeolaíocht graif nó lipéad na gcolún i dtábla).",

    "prov": {
        "samhail": "de-bhaldraithe, dineen, focloir-beag, odonaill, storchiste"
    },
    "notes": [
        "Ní luann foclóir ar bith an téarma seo i gcomhthéacs ríomheolaíochta, ach i gcomhthéacs eile ina bhfuil 'samhail' cosúil le 'cóip' nó le 'cosúlacht'. Sin ráite, tá an bhrí sin oiriúnach don úsáid seo -- cé nach cóip í, bíonn an tsamhail ríomheolaíochta ag iarraidh aschur feidhme matamaiticiúla a réamhinsint go díreach; sin le rá, a chóipeáil."
    ]
}