{
    "term": "n-shot",
    "part-of-speech": "ainmfhocal",
    "citation-form": "n-sonra",
    "def-en": "A finetuning protocol in which the pretrained model is able to see $n$ data points from the new data set during finetuning.",
    "def-ga": "Cur chuige mion-fheabsaithe ina bhfuil samhail réamh-thraenáilte in ann $n$ sonra ó thacar sonraí nua a fheiceáil le linn á mion-fheabhsaithe.",

    "prov": {
        "sonra": "féach ar an téarma 'data / sonraí'"
    },
    "notes": [
        "Úsáidtear 'n' i gcomhthéacs matamaiticiúil chun uimhir éigin (gan sonrú) a chur in iúl.",
        "Úsáidtear n-sonra seachas n-trialach / n-iarrachta nó eile toisc é sin a bheith níos léire. Cuireann 'n-sonra' béim ar an méid sonraí atá ar fáil, seachas ar an méid iarrachtaí atá ceadaithe, chun rud a fhoghlaim."
    ]
}