{
    "term": "negative sampler",
    "part-of-speech": "ainmfhocal",
    "citation-form": "frith-shamplóir",
    "def-en": "the part of a knowledge graph embedding model that creates negative samples for the model.",
    "def-ga": "cuid de shamhail leabaithe graif eolais a chruthaíonn frith-shamplaí don tsamhail chéanna.",

    "prov": {
        "frith-": "féach ar an téarma 'negative / frith-shampla'",
        "samplóir": "féach ar an téarma 'sampler / samplóir'"
    },
    "notes": [
        "Ní úsáidtear '*samplóir diúltach' toisc gur samplóir é seo a chruthaíonn frith-shamplaí. Níl tada 'diúltach' ag baint leis de reir mar a úsáidtear an an focal 'diúltach' i nGaeilge.",
        "Féach chomh maith ar an téarma 'negative / frith-shampla',",
        "Féach chomh maith ar an téarma 'sampler / samplóir'."
    ]
}