{
    "term": "overfitting",
    "part-of-speech": "ainmfhocal",
    "citation-form": "ró-fhoghlaim",
    "def-en": "In the context of machine learning, memorisation of the training set that precludes learning the general patterns of the training set.",
    "def-ga": "I gcomhthéacs ríomhfhoghlama, foghlaim de ghlanmheabhair a dhéantar ar an tacar traenála i gcaoi a chuireann bac ar fhoghlaim phatrún ginearálta sa tacar traenála.",

    "prov": {
        "ró-": "de-bhaldraithe, dineen, focloir-beag, odonaill",
        "foghlaim": "féach ar an téarma 'machine learning / ríomhfhoghlaim'"
    },
    "notes": [
        "Téarma cruthaithe mar chomh-fhocal leis an réimír agus leis an bhfocal thuas.",
        "Féach chomh maith ar an téarma 'machine learning / ríomhfhoghlaim'"
    ]
}