{
    "term": "pairwise function",
    "part-of-speech": "ainmfhocal",
    "citation-form": "feidhm de phéire (pointí)",
    "def-en": "A function that takes a pair of data points as input.",
    "def-ga": "Feidhm a bhfuil péire pointí sonraí mar ionchur aici.",

    "prov": {
        "feidhm": "féach ar an téarma 'function / feidhm'",
        "péire": "de-bhaldraithe, dineen, focloir-beag, odonaill",
        "pointe": "féach ar an téarma 'pointwise function / feidhm de phointe'"
    },
    "notes": [
        "Féach ar an téarma 'pointwise function / feidhm de phointe'.",
        "Féach chomh maith ar an téarma 'function / feidhm'."
    ]
}