{
    "term": "pointwise function",
    "part-of-speech": "ainmfhocal",
    "citation-form": "feidhm de phointe",
    "def-en": "A function that takes a single data point as input.",
    "def-ga": "Feidhm a bhfuil pointe sonraí amháin mar ionchur aici.",

    "prov": {
        "feidhm": "féach ar an téarma 'function / feidhm'",
        "pointe": "de-bhaldraithe, dineen, focloir-beag, odonaill, storchiste"
    },
    "notes": [
        "Féach ar an téarma 'function / feidhm'."
    ]
}