{
    "term": "predicate",
    "part-of-speech": "ainmfhocal",
    "citation-form": "faisnéis",
    "def-en": "In a triple $(s,p,o)$, the predicate $p$ that connects the subject $s$ to the object $o$.",
    "def-ga": "In abairt thriarach $(a,f,c)$, an ceangal $c$ a cheanglaíonn an t-ainmfhocal $a$ leis an gcuspóir $c$.",

    "prov": {
        "cuspóir": "de-bhaldraithe, dineen, focloir-beag, odonaill, storchiste"
    },
    "notes": [
        "I mBéarla, samhlaítear abairtí triaracha mar abairtí teangeolaíochta le hainmní, le faisnéis, agus le cuspóir. Glactar leis an analach chéanna i nGaeilge."
    ]
}