{
    "term": "regularisation",
    "part-of-speech": "ainmfhocal",
    "citation-form": "tabhairt chun rialtachta",
    "def-en": "In the context of a machine learning mode, a process that aims to reduce overfitting by restricting the size of parameter values in some way.",
    "def-ga": "I gcomhthéacs samhla ríomhfhoghlama, próiseas a bhfuil mar aidhm aige ró-fhoghlaim a laghdú trí mhéid luach na bparaiméadar a shrianadh i gcaoi éigin.",

    "prov": {
        "tabhair chun rialtachta": "féach ar an téarma 'to regularise / tabhair chun rialtachta'"
    },
    "notes": [
        "Féach ar an téarma 'to regularise / tabhair chun rialtachta'."
    ]
}