{
    "term": "score",
    "part-of-speech": "ainmfhocal",
    "citation-form": "scór",
    "def-en": "A number describing how good something is (such as the accuracy of a machine learning model).",
    "def-ga": "Uimhir a dhéanann cur síos ar cé chomh maith is atá rud (m.sh. cruinneas samhla foghlama).",

    "prov": {
        "scór": "de-bhaldraithe, odonaill"
    },
    "notes": [
        "I gcomhthéacs cluichí a fheictear 'scóráil' úsáidte i bhFoclóir Uí Dhónaill, seachas i gcomhthéacs ríomhaireachta. Sin ráite tá an bhrí chéanna leis an bhfocal 'scór' sa gcomhthéacs sin."
    ]
}