{
    "term": "state of the art (current)",
    "part-of-speech": "ainmfhocal",
    "citation-form": "staid an réimse",
    "def-en": "The understanding or level of current research in a given field of research (whether that is good or bad).",
    "def-ga": "An tuiscint / leibhéal taighde atá ann faoi láthair i réimse taighde (bíodh sé go maith nó go dona).",

    "prov": {
        "staid": "de-bhaldraithe, dineen, focloir-beag, odonaill",
        "réimse": "de-bhaldraithe, focloir-beag, odonaill"
    },
    "notes": [
        "Is é 'staid an réimse' an staid ina bhfuil an réimse ann faoi láthair (bíodh sé go maith nó go dona), agus is é 'scoth an réimse' an chuid is fearr de.",
        "Féach chomh maith ar an téarma 'state of the art (best) / scoth an réimse'.",
        "Féach chomh maith ar an téarma 'state of the art (the literature) / litríocht an réimse'."

    ]
}