{
    "term": "structure",
    "part-of-speech": "ainmfhocal",
    "citation-form": "struchtúr",
    "def-en": "In the context of a graph, patterns, numerical summaries, and statistics that can be calculated on the graph (without reference to the semantics of the graph).",
    "def-ga": "I gcomhthéacs graif, patrúin, achoimrí uimhriúla, agus staitisticí ar féidir iad a áireamh ar an ngraf (gan trácht ar shéimeantaic an ghraif).",

    "prov": {
        "struchtúr": "de-bhaldraithe, focloir-beag, odonaill"
    },
    "notes": [
        "Téarma luaite le brí chomhchosúil (ach fisiceach, seachas ríomheolaíochta) sna foclóirí thuas."
    ]
}