{
    "term": "structural alignment framework",
    "part-of-speech": "ainmfhocal",
    "citation-form": "creatlach ailínithe struchtúir",
    "def-en": "The framework that is the core result of this thesis, which is a result of the predictions of the structural alignment hypothesis.",
    "def-ga": "An chreatlach atá mar phríomh-thoradh ar an tráchtas seo, a dhéantar trí réamhinsintí na hipitéise ar ailiniú struchtúir a chur i bhfeidhm.",

    "prov": {
        "creatlach": "féach ar an téarma 'framework / creatlach'",
        "ailíniú": "féach ar an téarma 'alignment / ailíniú'",
        "struchtúr": "féach ar an téarma 'structure / struchtúr'"
    },
    "notes": [
        "Téarma cruthaithe as téarmaí eile anseo.",
        "Féach chomh maith ar an téarma 'framework / creatlach'.",
        "Féach chomh maith ar an téarma 'alignment / ailíniú'.",
        "Féach chomh maith ar an téarma 'structure / struchtúr'."
    ]
}