{
    "term": "subject",
    "part-of-speech": "ainmfhocal",
    "citation-form": "ainmní",
    "def-en": "in a triple $(s,p,o)$, the first node $s$ that acts as the head of the predicate $p$.",
    "def-ga": "in abairt thriarach $(a,f,c)$, an chéad nód $a$ atá mar thús ag an bhfaisnéis $f$.",

    "prov": {
        "ainmfhocal": "de-bhaldraithe, dineen, focloir-beag, odonaill, storchiste"
    },
    "notes": [
        "I mBéarla, samhlaítear abairtí triaracha mar abairtí teangeolaíochta le hainmní, le faisnéis, agus le cuspóir. Glactar leis an analach chéanna i nGaeilge."
    ]
}