{
    "term": "to input (into)",
    "part-of-speech": "ainmfhocal",
    "citation-form": "cuir isteach (i)",
    "def-en": "In the context of a system, process, or function, to give it input data.",
    "def-ga": "I gcomhthéacs córais, próisis, nó feidhme, sonraí ionchuir a tabhairt dó.",

    "prov": {
        "cuir isteach": "de-bhaldraithe, odonaill"
    },
    "notes": [
        "Téarma a fáil le brí chomhchosúil ó na foclóirí thuas.",
        "Mar shampla, is féidir 'cuireadh X isteach sa bhfeidhm' a úsáid chun 'X was input into the function' a chur in iúl.",
        "Tá an frása 'cuir isteach' ar fad le fáil i bhFoclóir Uí Dhónaill agus i bhFoclóir De Bhaldraithe i gcomhthéacs comhchosúil (ach ní i gcomhthéacs ríomheolaíochta, cinnte).",
        "Féach chomh maith ar an téarma 'input / ionchur'."
    ]
}