{
    "term": "to pretrain",
    "part-of-speech": "briathair",
    "citation-form": "réamh-thraenáil",
    "def-en": "To train a machine learning model with intent to finetune it later on new data.",
    "def-ga": "Samhail ríomhfhoghlama a thraenáil le plean é a mion-fheabbhsú níos déanaí ar shonraí nua.",

    "prov": {
        "réamh-": "féach ar an téarma 'pretraining / réamh-thraenáil'",
        "traenáil": "féach ar an téarma 'training / traenáil'"
    },
    "notes": [
        "Féach ar an téarma 'pretraining / réamh-thraenáil'",
        "Féach chomh maith ar an téarma training / traenáil'."
    ]
}