{
    "term": "to reason (on)",
    "part-of-speech": "briathar",
    "citation-form": "réasúnaíocht a dhéanamh (ar)",
    "def-en": "In the context of machine learning, to use logical rules to predict new facts.",
    "def-ga": "I gcomhthéacs ríomhfhoghlama, rialacha loighce a úsáid chun fíricí nua a réamhinsint.",

    "prov": {
        "réasúnaíocht (a dhéanamh)": "de-bhaldraithe, focloir-beag, odonaill"
    },
    "notes": [
        "Glactar leis an téarma seo seachas le 'réasúnaigh' toisc fianaise ó Fhoclóir De Bhaldraithe: bíonn 'to reason from premises' aistrithe mar 'réasúnaíocht a dhéanamh ó réamhleagan' ann. Níl sampla d'úsáid 'réasúnaigh' ann, áfach. Glactar leis an téarma a bhfuil tuilleadh fianaise leis mar sin.",
        "Féach chomh maith ar an téarma 'reasoning / réasúnaíocht'."
    ]
}