{
    "term": "unseen",
    "part-of-speech": "aidiacht",
    "citation-form": "gan feiceáil",
    "def-en": "In the context of a dataset (such as the testing / validation set), not being used / seen during the training phase of a machine learning model.",
    "def-ga": "I gcomhthéacs tacar sonraí (m.sh. tacar teisteála / deimhnithe), gan a bheith úsáidte / feicthe le linn an phróisis thraenála ar shamhail ríomhfhoghlama.",

    "prov": {
        "gan feiceáil": "de-bhaldraithe, odonaill"
    },
    "notes": [
        "Téarma iomlán ar fáil ó na foclóirí thuas."
    ]
}