{
    "term": "walk",
    "part-of-speech": "ainmfhocal",
    "citation-form": "siúlóid",
    "def-en": "In the context of a graph, to go from node to node alone the edges in the graph to traverse the whole graph, or a part of it.",
    "def-ga": "I gcomhthéacs graif, imeacht ó nód go nód ar cheangail an ghraif chun an graf ar fad, nó cuid de, a thrasnú.",

    "prov": {
        "siúlóid": "de-bhaldraithe, dineen*, focloir-beag, odonaill"
    },
    "notes": [
        "* Is é 'siubhlóid' atá i bhFoclóir Uí Dhuinín, ach glactar leis gurb in an focal céanna.",
        "Ní luann foclóir ar bith an téarma seo i gcomhthéacs ríomheolaíochta. Sin ráite, tá cosúlacht idir siúlóid ar ghraif agus gnáth-shiúlóid -- bíonn siad araon ag dúl ó áit go háit ar bhealaí áirithe. Glactar leis an téarma seo mar sin."
    ]
}