{
    "term": "artificial intelligence (AI) (concept)",
    "part-of-speech": "ainmfhocal",
    "citation-form": "intleacht shaorga (IS) (coincheap)",
    "def-en": "The concept behind artificial intelligence msystems; or, the intelligence they have as an abstract concept.",
    "def-ga": "An coincheap taobh thiar de chórais intleachta saorga; nó, an intleacht atá acu mar choincheap teibí.",

    "prov": {
        "intleacht": "féach ar an téarma 'artificial intelligence (AI) (system) / córas intleachta saorga'",
        "saorga": "féach ar an téarma 'artificial intelligence (AI) (system) / córas intleachta saorga'"
    },
    "notes": [
        "Ní féidir an téarma seo a úsáid chun trácht a dhéanamh ar chóras intleachta shaorga. Ní bhaineann an focal 'intleacht' ach le coincheap teibí na hintleachta (féach ar Foclóir Uí Dhónaill mar fhianaise air sin).",
        "Féach chomh maith ar an téarma 'artificial intelligence (AI) (system) / córas intleachta saorga'."
    ]
}