{
    "term": "baseline model",
    "part-of-speech": "ainmfhocal",
    "citation-form": "bun-samhail",
    "def-en": "In the context of machine learning, a (standard) model that is used to compare to other (new) models to evaluate them.",
    "def-ga": "I gcomhthéacs ríomhfhoghlama, samhail (chaighdeánach) a úsáidtear chun comparáid a dhéanamh le samhlacha (nua) eile agus iad á meas.",

    "prov": {
        "bun-": "de-bhaldraithe, dineen, focloir-beag, odonaill",
        "samhail": "féách ar an téarma 'model / samhail'"
    },
    "notes": [
        "Cé go bhfuil an téarma 'baseline' -> 'bunlíne' ar fáil i bhFoclóir de Bhaldraithe agus i bhFoclóir Uí Dhónaill, ní luann siad comhthéacs áirithe ar bith leis. Toisc gur foclóirí ginearálta iad, is cinnte ach raibh ríomheolaíocht ar intinn ag a n-údar agus iad ag cur an téarma seo isteach. Glactar le 'bunlíne' cinnte, toisc gur as foinse dúchasach a thagann sé. Sin ráite, cuirtear téarma eile ar fáil anseo toisc go bhfuil fianaise ann sna foclóirí céanna go bhfuil ciall leis, agus toisc é a bheith in ann trácht níos cruinne agus níos léire a dhéanamh ar an sórt 'bunlíne' atá i gceist anseo: samhail ríomhfhoghlama.",
        "Sin ráite, más 'baseline' níos ginearálta atá i gceist, ba cheart an téarma 'bunlíne' a úsáid. Agus fiú i gcomhthéacs ríomhfhoghlama, tá fianaise ann go bhfuil ciall leis sin chomh maith ó na foclóirí thuas."
    ]
}