{
    "term": "benchmark dataset",
    "part-of-speech": "ainmfhocal",
    "citation-form": "tacar sonraí comparáide",
    "def-en": "A dataset that is used to evaluate and compare machine learning models.",
    "def-ga": "Tacar sonraí a úsáidtear chun samhlacha ríomhfhoghlama a mheasúnú agus a chur i gcomparáid lena chéile.",

    "prov": {
        "tacar sonraí": "féach ar an téarma 'dataset / tacar sonraí'",
        "comparáid": "de-bhaldraithe, dineen, focloir-beag, odonaill"
    },
    "notes": [
        "Níl an téarma Béarla 'benchmark' ar fáil i gceann ar bith de na foclóirí atá in úsáid chun an Foclóir Tráchtais a chur le chéile. Bhí gá le téarma cumtha as nua mar sin. Roghnaíodh 'tacar sonraí comparáide' toisc gurb é aidhm 'benchmark dataset' ná a bheith úsáidte chun samhlacha ríomhfhoghlama a chur i gcomparáid lena chéile.",
        "Tá 'tagarmharc' ar Foclóir.ie -- ach ní féidir bunús ar bith a fháil dó sin sna foinse dúchasacha atá in úsáid anseo. Ní ghlactar leis mar sin."
    ]
}