{
    "term": "epoch",
    "part-of-speech": "ainmfhocal",
    "citation-form": "seal",
    "def-en": "A full pass of optimisation in which the machine learning model sees every data point in the training set exactly once.",
    "def-ga": " Geábh iomlán feabhsaithe ina fheiceann an tsamhail ríomhfhoghlama chuile shonra sa tacar traenála aon uair amháin.",

    "prov": {
        "seal": "de-bhaldraithe, dineen, focloir-beag, odonaill"
    },
    "notes": [
        "Is iomaí focal ar féidir iad a úsáid anseo (geábh, babhta, timthriall, srl). Roghnaíodh 'seal' toisc é a bheith ag tagairt ar geábh foghlama agus ar réimse ama, díreach mar a bhíonn lucht ríomhaireachta ag samhlú 'epoch' ríomhfhoghlama."
    ]
}