{
    "term": "machine learning",
    "part-of-speech": "ainmfhocal",
    "citation-form": "ríomhfhoghlaim",
    "def-en": "the process of using mathematical optimisation to allow computers to solve complex problems.",
    "def-ga": "cur chuige matamaiticiúil a chuireann ar chumas do ríomhairí ceisteanna casta a fhreagairt.",

    "prov": {
        "foghlaim": "de-bhaldraithe, dineen, focloir-beag, odonaill",
        "ríomh-": "odonaill*"
    },
    "notes": [
        "* Níl 'ríomh-' ann mar réimír. Cé is moite de sin, feictear é in úsáid mar réimír sa bhfoclóir céanna; .i. 'ríomheolaíocht' (murab ionann sin agus 'eolaíocht' mar iarmhír)",
        "Ní ghlactar le haistriúchán Téarma.ie (meaisínfhoghlaim) toisc nach mbíonn 'meaisín-' ina réimír ar fhocal ar bith eile (ach bíonn 'ríomh-' úsáidte i bhfocail eile).",
        "Bheadh ciall éigin ag dul le 'foghlaim na meaisíní' chomh maith, seachas 'meaisín' a bheith bainteach lena leithéid de mheaisíní níocháin (féach ar Teanglann) agus gan rian eile de a fheiceáil i gcomhthéacs ríomhaireachta.",
        "Cé nach mbíonn trácht ar 'ríomhfhoghalim' i bhfoclóir ar bith, tá ann dá leithéid de 'ríomhphost' agus 'ríomheolaíocht' sa gcaint."
    ],
    "old": [
        "Úsáidtear 'na' ann toisc gur foghlaim í seo atá déanta ar mheaisíní i gcoitinne, seachas ar mheaisín(í) anaithnid(e). Féach ar alt alt 1.15.(l) den Chaighdéan Oifigiúil le haghaidh tuilleadh eolais."
    ]
}