{
    "term": "measure",
    "part-of-speech": "ainmfhocal",
    "citation-form": "tomhas",
    "def-en": "In a mathematical context, a value that gives a quantitative description of data or some phenomenon, especially when used to compare two such data sets of phenomenons.",
    "def-ga": "I gcomhthéacs matamaitice, luach a dhéanann cur síos cainníochtúil ar sonraí nó ar fheiniméan éigin, go háirithe nuair atá sé úsáidte chun dhá shraith sonraí / dhá fheiniméan chur i gcomparáid lena chéile.",

    "prov": {
        "tomhas": "féach ar an téarma 'metric / tomhas'"
    },
    "notes": [
        "Féach ar an téarma 'metric / tomhas'."
    ]
}