{
    "term": "output",
    "part-of-speech": "ainmfhocal",
    "citation-form": "aschur",
    "def-en": "In the context of a system, process, or function, data that is returned from the process at its end.",
    "def-ga": "I gcomhthéacs córais, próisis, nó feidhme, sonraí a thagann as an bpróiseas céanna agus é críochnaithe.",


    "prov": {
        "aschur": "de-bhaldraithe, odonaill"
    },
    "notes": [
        "Luann Foclóir De Bhaldraithe 'aschur' mar théarma teileachumarsáide -- sin le rá, i gcomhthéacs an-chosúil leis an gcomhthéacs seo. Sin ráite, is cosúil go bhfuil an téarma 'aschur' (i gcomhthéacs teileachumarsáide) ag trácht ar aschur mar choincheap, seachas mar shonraí nó mar réad ríomhaireachta. Mar sin, is dócha gur cirte a rá 'tá dhá uimhir mar aschur ag an bhfeidhm' nó 'tá dhá uimhir aschuir ag an bhfeidhm' seachas '* tá dhá aschur ag an bhfeidhm'.",
        "Ní léis ó na Foclóirí thuas gur féidir briathar a dhéanamh as seo (.i. *aschuir). Mar sin, moltar frása le 'aschur' a úsáid nuair atá briathar de dhíth; m.sh. Rinne an fheidhm dhá uimhir a chur amach (mar aschur)."
    ]
}