{
    "term": "state of the art (best)",
    "part-of-speech": "ainmfhocal",
    "citation-form": "scoth na réimse",
    "def-en": "The best understanding, model, information, etc in a given scientific field.",
    "def-ga": "An tuiscint, samhail, eolas, nó eile is fearr i réimse eolaíochta éigin.",

    "prov": {
        "scoth": "de-bhaldraithe, dineen, focloir-beag, odonaill",
        "réimse": "de-bhaldraithe, focloir-beag, odonaill"
    },
    "notes": [
        "Féach chomh maith ar an téarma 'state of the art (current) / staid na réimse'. Is é 'staid na réimse' an staid ina bhfuil an réimse ann faoi láthair (bíodh sé go maith nó go dona), agus is é 'scoth na réimse' an chuid is fearr de.",
        "Ní luann Foclóir Uí Dhuinín 'scoth' mar 'an rud is fearr', ach tá an brí sin le feiceáil ann fós féin sa bhfocal 'scothamhail' ann.",
        "Mar aon leis sin, is cosúil gur féidir 'scothúil' a úsáid mar aidiacht ceangailte leis an t-ainmfhocal seo."
    ]
}