{
    "term": "to input (into)",
    "part-of-speech": "ainmfhocal",
    "citation-form": "cuir isteach (i)",
    "def-en": "In the context of a system, process, or function, to give it data to be used to achieve an end (such as the calculation of a certain value).",
    "def-ga": "I gcomhthéacs córais, próisis, nó feidhme, sonraí a tabhairt dó lena bheith úsáidte chun sprioc éigin a bhaint amach (m.sh áireamh luach éigin).",

    "prov": {
        "cuir isteach": "de-bhaldraithe, odonaill"
    },
    "notes": [
        "Téarma a fáil le brí comhchosúil ó na foclóirí thuas",
        "Mar shampla (rud nach bhfuil iomlán léir ón téarma Gaeilge thuas) is féidir 'cuireadh X isteach sa bhfeidhm' chun 'X was input into the function' a chur in iúl i nGaeilge.",
        "Cé go ndéanann Foclóir Uí Dhónaill agus Uí Mhaoileoin agus Foclóir Uí Dhuinín trácht ar an bhfrása seo, úsáideann siad i gcomhthéacsanna ar leith é.",
        "Féach chomh maith ar an téarma 'input / ionchur'; tá samplaí ann chomh maith ar cé chaoi 'to input' a chur in iúl leis an téarma sin."
    ]
}