{
    "term": "to reason (on)",
    "part-of-speech": "briathar",
    "citation-form": "réasúnaíocht a dhéanamh (ar)",
    "def-en": "In the context of machine learning, the use of logical rules to predict new facts.",
    "def-ga": "I gcomhthéacs ríomhfhoghlama, úsáid rialacha loighce chun fíricí nua a réamhinsint.",

    "prov": {
        "réasúnaíocht (a dhéanamh)": "de-bhaldraithe, focloir-beag, odonaill"
    },
    "notes": [
        "Téarma díreach ar fáil ó na foclóirí thuas le brí comhchosúil."
    ]
}